country,iso2,group,component,observations,cycle_sd,cycle_mean_abs,persistence_ar1,skewness,kurtosis,mean_yoy_growth,sd_yoy_growth,comparison_observations,relative_volatility_to_gdp,corr_with_domestic_gdp,corr_with_indonesia,correlation_observations
Australia,AU,Asia-Pacific,Consumption,201,1.6402500520988579,1.0417676408714167,0.6145661124929294,-3.3363874354813317,27.1573397286879,2.913504435016597,2.4504800865399305,201,1.28601788741943,0.5606876385871895,0.6103125368106428,101
Australia,AU,Asia-Pacific,GDP,201,1.2754488628383258,0.8824994592503069,0.6825781088399487,-1.4986124848440914,9.307964451054184,2.933649944074405,1.927709709827568,201,1,0.9999999999999999,0.03505276856524379,153
Australia,AU,Asia-Pacific,Investment,201,4.174848876175757,3.247062167867503,0.7898563719804215,-0.13997411210110336,3.278878650422263,3.8137819475350727,6.346584596261184,201,3.2732389340057413,0.7193855404462719,0.12290454360612561,101
China,CN,Asia-Pacific,GDP,140,1.4206459056965897,0.8540789424250202,0.37482624174873075,-3.3507807262859752,25.29404062317121,8.119219923829734,2.9585606920282563,140,1,1,0.14820079035935066,140
India,IN,Asia-Pacific,Consumption,116,3.374863461840323,1.7059703357950255,0.17620394417516994,-4.203230968016964,30.262012963470678,6.078398938794149,4.561868781013122,116,1.1115364910437555,0.8412753756321695,0.508021001206011,101
India,IN,Asia-Pacific,GDP,119,3.003387347928528,1.584536305184287,0.30727701885014264,-5.20087754836593,43.752255308037036,6.312325490501295,4.161563734486294,119,1,1,0.2040265280016854,119
India,IN,Asia-Pacific,Investment,116,5.984874486579742,3.1057701676373664,0.297434418043419,-5.57104685281884,48.63841325890721,7.66909186448038,9.020181054489791,116,1.9711631185584524,0.8995701307909422,0.38911070967536976,101
Indonesia,ID,Focus,Consumption,101,1.2803609730548529,0.7815382237793337,0.7732008819901718,-0.14342273076381953,6.327385693399712,4.2062600258686125,1.9060902559099462,101,1.0726056036711908,0.8146554536379516,1,101
Indonesia,ID,Focus,GDP,156,2.5001435138189336,1.4087181810697555,0.8177303861986134,0.3398896277447074,8.540009187969334,4.903879419252268,4.040085615789399,156,1,1,1,156
Indonesia,ID,Focus,Investment,101,2.7533351068539065,2.1475253381481503,0.6856886432022925,-0.06399306278059554,3.2030249000691104,5.471107552710129,4.595489908545236,101,2.306570355194351,0.5391738478915796,1,101
Japan,JP,Asia-Pacific,Consumption,125,1.312587607422373,0.9015057973432707,0.4996822166788493,-1.5918633521698182,12.513762867403003,0.6006631974939775,2.0067581281076925,125,0.8125461869058462,0.7568413004443513,0.5163515023829554,101
Japan,JP,Asia-Pacific,GDP,156,1.5723941357193618,1.1501655583709747,0.7236970788563761,-1.2947571069615278,7.489640558846067,1.1844015848056038,2.5995736546140575,156,1,1,0.3730696126778547,156
Japan,JP,Asia-Pacific,Investment,125,2.508247167829475,2.0061094082490825,0.8427042482438624,-0.008684248475662492,2.7394350005479353,-0.07688827867327014,3.70628758682518,125,1.5527090614846903,0.7327877737656263,0.38024497816106473,101
Malaysia,MY,ASEAN,Consumption,37,4.568135970301332,2.57214157672593,0.22882854752016757,-2.18869268986157,9.649485579326353,5.045370908811703,6.1469514557437614,37,1.2981655980655247,0.8900286707729138,0.7514206626699328,37
Malaysia,MY,ASEAN,GDP,84,2.6275347357616177,1.4892735536908548,0.41134002117005913,-2.778546912496733,17.645884597285576,4.345222381216365,4.07934836088925,84,1,1,0.788886191232081,84
Malaysia,MY,ASEAN,Investment,37,6.465157774813706,4.638847050374266,0.513206795820922,-1.5293687114842345,6.956179661539088,0.6728349699845362,8.92976855075472,37,1.837258230467117,0.8662089125166463,0.7717527450301731,37
New Zealand,NZ,Asia-Pacific,Consumption,152,1.9342067937400027,1.3531482776113661,0.5012943102867867,-2.2627885415237703,17.930200922568503,2.9496093906815433,2.9620650542120384,152,1.1607966689644893,0.8204375482332535,0.2921568006091932,101
New Zealand,NZ,Asia-Pacific,GDP,154,1.6654493237115977,1.144756533564893,0.4516028999485395,-2.462030060666426,17.3262283620265,2.6389254510233435,2.673935183502352,154,1,1,0.32649819301846805,154
New Zealand,NZ,Asia-Pacific,Investment,152,5.6860956160606335,4.276763290710603,0.678372680174577,-0.6439450857597966,4.279871893409928,3.361876414976971,8.418795249239952,152,3.4124587256640555,0.7502009295065639,0.13518932440151565,101
Philippines,PH,ASEAN,Consumption,99,2.386180370693746,1.449070759899985,0.6880630344606904,-1.350107112744912,9.783778826812616,4.585068577742718,3.454297593885795,99,0.9353528992978265,0.9178434695164697,0.8429352692526166,99
Philippines,PH,ASEAN,GDP,156,2.3697419164891835,1.571873364308614,0.7381517539442274,-1.0372848109671136,9.828304190169609,4.287113673329014,3.4821688485436333,156,1,1,0.4900424690299613,156
Philippines,PH,ASEAN,Investment,99,7.820298843956755,5.487593679633888,0.6490398935957614,-1.373510969996011,9.615784026726859,5.84260182318969,11.91365812197735,99,3.06545946270765,0.8703818150174676,0.41100437513683463,99
Singapore,SG,ASEAN,Consumption,200,3.2917745127644324,2.0635634703119816,0.5504299227603235,-3.0972813742376895,25.763852825362918,4.857314633904718,4.900579248919348,152,1.3642811962994241,0.5828653118669941,0.7182203619578128,100
Singapore,SG,ASEAN,GDP,156,2.5924155191178784,1.8087839031319703,0.6963642444582303,-1.4262329897772759,8.384549179286132,5.537652140913151,4.46100735851491,156,1,0.9999999999999999,0.38159623417907507,156
Singapore,SG,ASEAN,Investment,199,6.882852277660665,4.967396571278039,0.6281574257427357,-0.6227232656918884,5.898930593752294,5.6779100830668,10.974163888372718,151,2.3364701931226537,0.5505894310880572,0.4102403843818485,100
South Korea,KR,Asia-Pacific,Consumption,202,2.621580005589377,1.7096355268508237,0.7781307457487805,-0.9952811696832535,7.961753445963404,4.833482328721945,4.486384740981774,202,1.171445991389359,0.7562507183615358,0.324168030113396,101
South Korea,KR,Asia-Pacific,GDP,202,2.23790087196434,1.5248213674922027,0.8003175050014125,-0.1834637771116371,5.926951465484586,5.885120945688592,4.269011436756021,202,1,1,0.6180378428398782,154
South Korea,KR,Asia-Pacific,Investment,202,6.510294074874051,4.3753928308280186,0.7475999828286666,-0.16450442207961444,7.026327692349932,6.576068833160367,10.23088661541441,202,2.9091074392225313,0.7623726994190064,-0.21982827646282388,101
Thailand,TH,ASEAN,Consumption,90,1.9995058040621037,1.478288258901769,0.6093655908519672,-0.6138274140413159,4.201625149948086,3.1410613031933057,3.052213048868886,90,0.9016180224538005,0.7289299931327662,0.5407325462365754,89
Thailand,TH,ASEAN,GDP,132,2.817053721461235,2.0039430013810584,0.7397996966677991,-0.3988991075317277,4.774075349620542,3.053500949540203,4.131253014123194,132,1,1,0.7020133642467933,132
Thailand,TH,ASEAN,Investment,90,4.5084165264588725,3.2931356619210566,0.6790534422094435,-0.8728824234665443,5.143315536707845,3.019077210262101,7.076824540610943,90,2.0329371311280418,0.5501316803689199,0.45321237167085177,89
United States,US,Comparator,Consumption,202,1.347343432687833,0.9233413870174737,0.6954616078402812,-2.9220829296775848,23.92118803202014,2.917184948564223,2.1031640476089226,202,0.9448334473554983,0.876914668286518,0.3244922484762949,101
United States,US,Comparator,GDP,202,1.426011575329941,0.9948038134865408,0.7388106161470895,-1.6058407130877448,10.58584614039921,2.740887159739961,2.1625966011287714,202,1,1,0.02953019343306946,154
United States,US,Comparator,Investment,202,3.45425043086543,2.5412670702321307,0.892896395247858,-0.6200948178099863,3.8581251059734276,3.477625199224959,4.937630723910343,202,2.4223158427491787,0.8739698717016012,0.3718474766631013,101
Vietnam,VN,ASEAN,GDP,141,1.2308731931651267,0.8373015411316634,0.5123735725563947,-2.2222635918931886,20.277323411689068,6.445541212360276,1.923569203110277,141,1,0.9999999999999999,0.3495123000718768,141
