date,component,country,rolling_corr
1975-01-01,GDP,Australia,NA
1975-04-01,GDP,Australia,NA
1975-07-01,GDP,Australia,NA
1975-10-01,GDP,Australia,NA
1976-01-01,GDP,Australia,NA
1976-04-01,GDP,Australia,NA
1976-07-01,GDP,Australia,NA
1976-10-01,GDP,Australia,NA
1977-01-01,GDP,Australia,NA
1977-04-01,GDP,Australia,NA
1977-07-01,GDP,Australia,NA
1977-10-01,GDP,Australia,NA
1978-01-01,GDP,Australia,NA
1978-04-01,GDP,Australia,NA
1978-07-01,GDP,Australia,NA
1978-10-01,GDP,Australia,NA
1979-01-01,GDP,Australia,NA
1979-04-01,GDP,Australia,NA
1979-07-01,GDP,Australia,NA
1979-10-01,GDP,Australia,NA
1980-01-01,GDP,Australia,NA
1980-04-01,GDP,Australia,NA
1980-07-01,GDP,Australia,NA
1980-10-01,GDP,Australia,NA
1981-01-01,GDP,Australia,NA
1981-04-01,GDP,Australia,NA
1981-07-01,GDP,Australia,NA
1981-10-01,GDP,Australia,NA
1982-01-01,GDP,Australia,NA
1982-04-01,GDP,Australia,NA
1982-07-01,GDP,Australia,NA
1982-10-01,GDP,Australia,NA
1983-01-01,GDP,Australia,NA
1983-04-01,GDP,Australia,NA
1983-07-01,GDP,Australia,NA
1983-10-01,GDP,Australia,NA
1984-01-01,GDP,Australia,NA
1984-04-01,GDP,Australia,NA
1984-07-01,GDP,Australia,NA
1984-10-01,GDP,Australia,NA
1985-01-01,GDP,Australia,NA
1985-04-01,GDP,Australia,NA
1985-07-01,GDP,Australia,NA
1985-10-01,GDP,Australia,NA
1986-01-01,GDP,Australia,NA
1986-04-01,GDP,Australia,NA
1986-07-01,GDP,Australia,NA
1986-10-01,GDP,Australia,NA
1987-01-01,GDP,Australia,NA
1987-04-01,GDP,Australia,NA
1987-07-01,GDP,Australia,0.0972419286406111
1987-10-01,GDP,Australia,-0.5864763755339468
1988-01-01,GDP,Australia,-0.6570941864873656
1988-04-01,GDP,Australia,-0.6188314595505502
1988-07-01,GDP,Australia,-0.6025303516468722
1988-10-01,GDP,Australia,-0.5868596056061709
1989-01-01,GDP,Australia,-0.4565036423579511
1989-04-01,GDP,Australia,-0.4261252729257816
1989-07-01,GDP,Australia,-0.4336346396715638
1989-10-01,GDP,Australia,-0.4564733260119917
1990-01-01,GDP,Australia,-0.46623439993849863
1990-04-01,GDP,Australia,-0.461762418332938
1990-07-01,GDP,Australia,-0.4693374922989949
1990-10-01,GDP,Australia,-0.4760836928133209
1991-01-01,GDP,Australia,-0.40751264578374996
1991-04-01,GDP,Australia,-0.41308816848151775
1991-07-01,GDP,Australia,-0.4247390545934093
1991-10-01,GDP,Australia,-0.41141951679648936
1992-01-01,GDP,Australia,-0.28666505660317665
1992-04-01,GDP,Australia,-0.13664506188773612
1992-07-01,GDP,Australia,-0.14908637557121837
1992-10-01,GDP,Australia,-0.09371196949782604
1993-01-01,GDP,Australia,0.012697057753608366
1993-04-01,GDP,Australia,0.04086513183030307
1993-07-01,GDP,Australia,0.06425571087497696
1993-10-01,GDP,Australia,0.043379441142895096
1994-01-01,GDP,Australia,-0.03235013973531978
1994-04-01,GDP,Australia,0.015326154761126363
1994-07-01,GDP,Australia,0.05504467618962956
1994-10-01,GDP,Australia,0.055606062292618594
1995-01-01,GDP,Australia,0.11150401188003078
1995-04-01,GDP,Australia,0.08824469421977514
1995-07-01,GDP,Australia,0.1354514382420684
1995-10-01,GDP,Australia,0.12179309409587298
1996-01-01,GDP,Australia,0.18181058109197915
1996-04-01,GDP,Australia,0.21746958618698997
1996-07-01,GDP,Australia,0.20635974599361395
1996-10-01,GDP,Australia,0.15334495095000175
1997-01-01,GDP,Australia,0.0025375317245612296
1997-04-01,GDP,Australia,0.05284455611784488
1997-07-01,GDP,Australia,0.01863062388054159
1997-10-01,GDP,Australia,0.06686711178994861
1998-01-01,GDP,Australia,0.023068727334878438
1998-04-01,GDP,Australia,-0.0653918188546209
1998-07-01,GDP,Australia,-0.33080881643875787
1998-10-01,GDP,Australia,-0.5037211014791706
1999-01-01,GDP,Australia,-0.5466683814577634
1999-04-01,GDP,Australia,-0.561761268635006
1999-07-01,GDP,Australia,-0.5761353214050342
1999-10-01,GDP,Australia,-0.5941068831218664
2000-01-01,GDP,Australia,-0.606212188138702
2000-04-01,GDP,Australia,-0.6337611228330625
2000-07-01,GDP,Australia,-0.6354705006384441
2000-10-01,GDP,Australia,-0.5881505194301324
2001-01-01,GDP,Australia,-0.5410582709805101
2001-04-01,GDP,Australia,-0.5024187791058076
2001-07-01,GDP,Australia,-0.4573154701248401
2001-10-01,GDP,Australia,-0.40171915874513103
2002-01-01,GDP,Australia,-0.32202520202515833
2002-04-01,GDP,Australia,-0.4454009262290794
2002-07-01,GDP,Australia,-0.4914162440471133
2002-10-01,GDP,Australia,-0.680883601187746
2003-01-01,GDP,Australia,-0.7116473331529535
2003-04-01,GDP,Australia,-0.7709133663851115
2003-07-01,GDP,Australia,-0.7797276718572721
2003-10-01,GDP,Australia,-0.7430740568931783
2004-01-01,GDP,Australia,-0.6762653189471686
2004-04-01,GDP,Australia,-0.6594555550165427
2004-07-01,GDP,Australia,-0.6744157080879047
2004-10-01,GDP,Australia,-0.4857604339818723
2005-01-01,GDP,Australia,-0.34741729345561556
2005-04-01,GDP,Australia,-0.10891188172690537
2005-07-01,GDP,Australia,0.03218483808640939
2005-10-01,GDP,Australia,0.020783925005945274
2006-01-01,GDP,Australia,-0.06942734254118274
2006-04-01,GDP,Australia,0.04362406326649964
2006-07-01,GDP,Australia,-0.03141587300801941
2006-10-01,GDP,Australia,-0.0889633569359214
2007-01-01,GDP,Australia,-0.10352794975740985
2007-04-01,GDP,Australia,-0.1573164569004338
2007-07-01,GDP,Australia,-0.19390647903078406
2007-10-01,GDP,Australia,-0.26664601996876336
2008-01-01,GDP,Australia,-0.11463687366944325
2008-04-01,GDP,Australia,0.2071637330201813
2008-07-01,GDP,Australia,0.3223558979015198
2008-10-01,GDP,Australia,0.3213518918941364
2009-01-01,GDP,Australia,0.36448518084015274
2009-04-01,GDP,Australia,0.3885693000905591
2009-07-01,GDP,Australia,0.4103853942054251
2009-10-01,GDP,Australia,0.4364983902011369
2010-01-01,GDP,Australia,0.4636839858075572
2010-04-01,GDP,Australia,0.4808277496418519
2010-07-01,GDP,Australia,0.48097684082551545
2010-10-01,GDP,Australia,0.4716448293269748
2011-01-01,GDP,Australia,0.43232660772824894
2011-04-01,GDP,Australia,0.3786402974788667
2011-07-01,GDP,Australia,0.3678127967168975
2011-10-01,GDP,Australia,0.3664998602444027
2012-01-01,GDP,Australia,0.3741144958237374
2012-04-01,GDP,Australia,0.395523108761653
2012-07-01,GDP,Australia,0.4521280632992105
2012-10-01,GDP,Australia,0.5311309104716762
2013-01-01,GDP,Australia,0.5324878467912727
2013-04-01,GDP,Australia,0.4464296578432689
2013-07-01,GDP,Australia,0.290950086190731
2013-10-01,GDP,Australia,0.3754025087726373
2014-01-01,GDP,Australia,0.3972097302652605
2014-04-01,GDP,Australia,0.45892905387509425
2014-07-01,GDP,Australia,0.42088141406577795
2014-10-01,GDP,Australia,0.41597017026757716
2015-01-01,GDP,Australia,0.2900263257281716
2015-04-01,GDP,Australia,0.31928037049608965
2015-07-01,GDP,Australia,0.2917548112154488
2015-10-01,GDP,Australia,0.32082819186181755
2016-01-01,GDP,Australia,0.4435065771379029
2016-04-01,GDP,Australia,0.5978279141992721
2016-07-01,GDP,Australia,0.6212265974206198
2016-10-01,GDP,Australia,0.5949147825628002
2017-01-01,GDP,Australia,0.5284800048593216
2017-04-01,GDP,Australia,0.41089547698982853
2017-07-01,GDP,Australia,0.47486275368580294
2017-10-01,GDP,Australia,0.5284517860793154
2018-01-01,GDP,Australia,0.6929986677675768
2018-04-01,GDP,Australia,0.8522137739291106
2018-07-01,GDP,Australia,0.8806541347668645
2018-10-01,GDP,Australia,0.8764569486700421
2019-01-01,GDP,Australia,0.8854835816307458
2019-04-01,GDP,Australia,0.8264905567466634
2019-07-01,GDP,Australia,0.7931523906813353
2019-10-01,GDP,Australia,0.8030657592541101
2020-01-01,GDP,Australia,0.7663992487156684
2020-04-01,GDP,Australia,0.8538679505542037
2020-07-01,GDP,Australia,0.8792592721483934
2020-10-01,GDP,Australia,0.8743739187411091
2021-01-01,GDP,Australia,0.8433761088623104
2021-04-01,GDP,Australia,0.8108127822377248
2021-07-01,GDP,Australia,0.8193837513917227
2021-10-01,GDP,Australia,0.7929278318796126
2022-01-01,GDP,Australia,0.7672263577348716
2022-04-01,GDP,Australia,0.7415558478759887
2022-07-01,GDP,Australia,0.7238686322144027
2022-10-01,GDP,Australia,0.7089366021909594
2023-01-01,GDP,Australia,0.6992648806967859
2023-04-01,GDP,Australia,0.6914812214314222
2023-07-01,GDP,Australia,0.6872736308898963
2023-10-01,GDP,Australia,0.6873243711312739
2024-01-01,GDP,Australia,0.6855022600893605
2024-04-01,GDP,Australia,0.6992754081497231
2024-07-01,GDP,Australia,0.7291567786594866
2024-10-01,GDP,Australia,0.744492460852644
2025-01-01,GDP,Australia,0.7489421665821181
2025-04-01,GDP,Australia,0.486030134725268
2025-07-01,GDP,Australia,0.2890469340542047
2025-10-01,GDP,Australia,0.10503905415819959
1975-01-01,GDP,China,NA
1975-04-01,GDP,China,NA
1975-07-01,GDP,China,NA
1975-10-01,GDP,China,NA
1976-01-01,GDP,China,NA
1976-04-01,GDP,China,NA
1976-07-01,GDP,China,NA
1976-10-01,GDP,China,NA
1977-01-01,GDP,China,NA
1977-04-01,GDP,China,NA
1977-07-01,GDP,China,NA
1977-10-01,GDP,China,NA
1978-01-01,GDP,China,NA
1978-04-01,GDP,China,NA
1978-07-01,GDP,China,NA
1978-10-01,GDP,China,NA
1979-01-01,GDP,China,NA
1979-04-01,GDP,China,NA
1979-07-01,GDP,China,NA
1979-10-01,GDP,China,NA
1980-01-01,GDP,China,NA
1980-04-01,GDP,China,NA
1980-07-01,GDP,China,NA
1980-10-01,GDP,China,NA
1981-01-01,GDP,China,NA
1981-04-01,GDP,China,NA
1981-07-01,GDP,China,NA
1981-10-01,GDP,China,NA
1982-01-01,GDP,China,NA
1982-04-01,GDP,China,NA
1982-07-01,GDP,China,NA
1982-10-01,GDP,China,NA
1983-01-01,GDP,China,NA
1983-04-01,GDP,China,NA
1983-07-01,GDP,China,NA
1983-10-01,GDP,China,NA
1984-01-01,GDP,China,NA
1984-04-01,GDP,China,NA
1984-07-01,GDP,China,NA
1984-10-01,GDP,China,NA
1985-01-01,GDP,China,NA
1985-04-01,GDP,China,NA
1985-07-01,GDP,China,NA
1985-10-01,GDP,China,NA
1986-01-01,GDP,China,NA
1986-04-01,GDP,China,NA
1986-07-01,GDP,China,NA
1986-10-01,GDP,China,NA
1987-01-01,GDP,China,NA
1987-04-01,GDP,China,NA
1987-07-01,GDP,China,NA
1987-10-01,GDP,China,NA
1988-01-01,GDP,China,NA
1988-04-01,GDP,China,NA
1988-07-01,GDP,China,NA
1988-10-01,GDP,China,NA
1989-01-01,GDP,China,NA
1989-04-01,GDP,China,NA
1989-07-01,GDP,China,NA
1989-10-01,GDP,China,NA
1990-01-01,GDP,China,NA
1990-04-01,GDP,China,NA
1990-07-01,GDP,China,NA
1990-10-01,GDP,China,NA
1991-01-01,GDP,China,NA
1991-04-01,GDP,China,NA
1991-07-01,GDP,China,0.9916143837050554
1991-10-01,GDP,China,0.9766325704380183
1992-01-01,GDP,China,0.9405159180056525
1992-04-01,GDP,China,0.905091353219367
1992-07-01,GDP,China,0.8736703459120422
1992-10-01,GDP,China,0.87228154586403
1993-01-01,GDP,China,0.8407934263950522
1993-04-01,GDP,China,0.733292815392711
1993-07-01,GDP,China,0.7295415632227975
1993-10-01,GDP,China,0.7094659216609233
1994-01-01,GDP,China,0.7140287843385735
1994-04-01,GDP,China,0.7263656260144035
1994-07-01,GDP,China,0.6953427420831194
1994-10-01,GDP,China,0.6047778482094636
1995-01-01,GDP,China,0.5997500587267911
1995-04-01,GDP,China,0.6014281501256341
1995-07-01,GDP,China,0.616534970612199
1995-10-01,GDP,China,0.6187261052600984
1996-01-01,GDP,China,0.6235535882957474
1996-04-01,GDP,China,0.5572748197421162
1996-07-01,GDP,China,0.5360686661694295
1996-10-01,GDP,China,0.5529892554707554
1997-01-01,GDP,China,0.6013393412781236
1997-04-01,GDP,China,0.588419147686136
1997-07-01,GDP,China,0.5470724852826315
1997-10-01,GDP,China,0.5106236985186252
1998-01-01,GDP,China,0.4587080879853567
1998-04-01,GDP,China,0.4791453264326732
1998-07-01,GDP,China,0.5216982754646246
1998-10-01,GDP,China,0.2935464200475319
1999-01-01,GDP,China,0.3685087967417661
1999-04-01,GDP,China,0.4394627202361989
1999-07-01,GDP,China,0.5129412806106506
1999-10-01,GDP,China,0.5355079061158518
2000-01-01,GDP,China,0.5431913565502524
2000-04-01,GDP,China,0.5531325405992649
2000-07-01,GDP,China,0.5670939252731877
2000-10-01,GDP,China,0.5649596976532848
2001-01-01,GDP,China,0.5603105249916055
2001-04-01,GDP,China,0.5394956153697733
2001-07-01,GDP,China,0.4946776871095213
2001-10-01,GDP,China,0.3987762178709354
2002-01-01,GDP,China,0.28012631407078104
2002-04-01,GDP,China,0.07695014480840391
2002-07-01,GDP,China,-0.13520063924456177
2002-10-01,GDP,China,-0.6156675837698999
2003-01-01,GDP,China,-0.5820108088428091
2003-04-01,GDP,China,-0.6279754218749255
2003-07-01,GDP,China,-0.6190791282366646
2003-10-01,GDP,China,-0.22864884480074257
2004-01-01,GDP,China,-0.2027634295683509
2004-04-01,GDP,China,-0.3724654825988394
2004-07-01,GDP,China,-0.5111949496959544
2004-10-01,GDP,China,-0.4046978012315538
2005-01-01,GDP,China,-0.4044163607398252
2005-04-01,GDP,China,-0.38587130484035065
2005-07-01,GDP,China,-0.2903306681225863
2005-10-01,GDP,China,-0.2923876389757026
2006-01-01,GDP,China,-0.23217944943021449
2006-04-01,GDP,China,-0.27818857266450453
2006-07-01,GDP,China,-0.35066778755595623
2006-10-01,GDP,China,-0.45757382929673834
2007-01-01,GDP,China,-0.3320851055813438
2007-04-01,GDP,China,-0.29163911106531687
2007-07-01,GDP,China,-0.31372784137321863
2007-10-01,GDP,China,-0.4242806133601103
2008-01-01,GDP,China,-0.33088496686817576
2008-04-01,GDP,China,-0.00907281310029587
2008-07-01,GDP,China,0.03712357365060343
2008-10-01,GDP,China,2.4266949079741678e-4
2009-01-01,GDP,China,0.07206130820139256
2009-04-01,GDP,China,0.08815666013462635
2009-07-01,GDP,China,0.06614528078748878
2009-10-01,GDP,China,0.1696141741326043
2010-01-01,GDP,China,0.19497500557213396
2010-04-01,GDP,China,0.25175202377785616
2010-07-01,GDP,China,0.2609695496152124
2010-10-01,GDP,China,0.2719851702469219
2011-01-01,GDP,China,0.27049818517468255
2011-04-01,GDP,China,0.241612209428497
2011-07-01,GDP,China,0.2123277125233981
2011-10-01,GDP,China,0.20966685887916045
2012-01-01,GDP,China,0.1975151157959862
2012-04-01,GDP,China,0.2075741839060759
2012-07-01,GDP,China,0.2417313720865906
2012-10-01,GDP,China,0.4038923697145766
2013-01-01,GDP,China,0.3990296351165637
2013-04-01,GDP,China,0.16654969642381842
2013-07-01,GDP,China,0.11210982037878595
2013-10-01,GDP,China,0.3440859684389736
2014-01-01,GDP,China,0.02495824673174801
2014-04-01,GDP,China,-0.25413098141302026
2014-07-01,GDP,China,-0.15633348612331754
2014-10-01,GDP,China,-0.03729542882955098
2015-01-01,GDP,China,0.12313106864464783
2015-04-01,GDP,China,0.21672394575216286
2015-07-01,GDP,China,0.29474072170317983
2015-10-01,GDP,China,0.3049504572031647
2016-01-01,GDP,China,0.35225320365593005
2016-04-01,GDP,China,0.39759921882168936
2016-07-01,GDP,China,0.5600057859445479
2016-10-01,GDP,China,0.6284457401606564
2017-01-01,GDP,China,0.5545917996858176
2017-04-01,GDP,China,0.5768068518475402
2017-07-01,GDP,China,0.631183209905187
2017-10-01,GDP,China,0.7067255922950434
2018-01-01,GDP,China,0.8200338275666124
2018-04-01,GDP,China,0.9384629461177045
2018-07-01,GDP,China,0.8771991326950789
2018-10-01,GDP,China,0.8971886401114684
2019-01-01,GDP,China,0.9197150527238175
2019-04-01,GDP,China,0.9347698944467706
2019-07-01,GDP,China,0.8453393320837627
2019-10-01,GDP,China,0.8397668252043214
2020-01-01,GDP,China,0.05023432591783709
2020-04-01,GDP,China,0.04680994230321261
2020-07-01,GDP,China,0.031036436679718185
2020-10-01,GDP,China,-0.02921241004947805
2021-01-01,GDP,China,-0.061935019858547755
2021-04-01,GDP,China,-0.1084906795263842
2021-07-01,GDP,China,-0.11544055615921128
2021-10-01,GDP,China,-0.12548064530498604
2022-01-01,GDP,China,-0.1273342104164988
2022-04-01,GDP,China,-0.11657917786838151
2022-07-01,GDP,China,-0.11382259274621698
2022-10-01,GDP,China,-0.11204561688563824
2023-01-01,GDP,China,-0.11970113216796073
2023-04-01,GDP,China,-0.13713105470138692
2023-07-01,GDP,China,-0.14873497253262966
2023-10-01,GDP,China,-0.16578308476434145
2024-01-01,GDP,China,-0.21507638755663247
2024-04-01,GDP,China,-0.296595929974471
2024-07-01,GDP,China,-0.3819741513394723
2024-10-01,GDP,China,-0.47128165253679866
2025-01-01,GDP,China,-0.32717384614172035
2025-04-01,GDP,China,-0.6027518705768273
2025-07-01,GDP,China,-0.6795547787625684
2025-10-01,GDP,China,-0.6069177506184937
1975-01-01,GDP,India,NA
1975-04-01,GDP,India,NA
1975-07-01,GDP,India,NA
1975-10-01,GDP,India,NA
1976-01-01,GDP,India,NA
1976-04-01,GDP,India,NA
1976-07-01,GDP,India,NA
1976-10-01,GDP,India,NA
1977-01-01,GDP,India,NA
1977-04-01,GDP,India,NA
1977-07-01,GDP,India,NA
1977-10-01,GDP,India,NA
1978-01-01,GDP,India,NA
1978-04-01,GDP,India,NA
1978-07-01,GDP,India,NA
1978-10-01,GDP,India,NA
1979-01-01,GDP,India,NA
1979-04-01,GDP,India,NA
1979-07-01,GDP,India,NA
1979-10-01,GDP,India,NA
1980-01-01,GDP,India,NA
1980-04-01,GDP,India,NA
1980-07-01,GDP,India,NA
1980-10-01,GDP,India,NA
1981-01-01,GDP,India,NA
1981-04-01,GDP,India,NA
1981-07-01,GDP,India,NA
1981-10-01,GDP,India,NA
1982-01-01,GDP,India,NA
1982-04-01,GDP,India,NA
1982-07-01,GDP,India,NA
1982-10-01,GDP,India,NA
1983-01-01,GDP,India,NA
1983-04-01,GDP,India,NA
1983-07-01,GDP,India,NA
1983-10-01,GDP,India,NA
1984-01-01,GDP,India,NA
1984-04-01,GDP,India,NA
1984-07-01,GDP,India,NA
1984-10-01,GDP,India,NA
1985-01-01,GDP,India,NA
1985-04-01,GDP,India,NA
1985-07-01,GDP,India,NA
1985-10-01,GDP,India,NA
1986-01-01,GDP,India,NA
1986-04-01,GDP,India,NA
1986-07-01,GDP,India,NA
1986-10-01,GDP,India,NA
1987-01-01,GDP,India,NA
1987-04-01,GDP,India,NA
1987-07-01,GDP,India,NA
1987-10-01,GDP,India,NA
1988-01-01,GDP,India,NA
1988-04-01,GDP,India,NA
1988-07-01,GDP,India,NA
1988-10-01,GDP,India,NA
1989-01-01,GDP,India,NA
1989-04-01,GDP,India,NA
1989-07-01,GDP,India,NA
1989-10-01,GDP,India,NA
1990-01-01,GDP,India,NA
1990-04-01,GDP,India,NA
1990-07-01,GDP,India,NA
1990-10-01,GDP,India,NA
1991-01-01,GDP,India,NA
1991-04-01,GDP,India,NA
1991-07-01,GDP,India,NA
1991-10-01,GDP,India,NA
1992-01-01,GDP,India,NA
1992-04-01,GDP,India,NA
1992-07-01,GDP,India,NA
1992-10-01,GDP,India,NA
1993-01-01,GDP,India,NA
1993-04-01,GDP,India,NA
1993-07-01,GDP,India,NA
1993-10-01,GDP,India,NA
1994-01-01,GDP,India,NA
1994-04-01,GDP,India,NA
1994-07-01,GDP,India,NA
1994-10-01,GDP,India,NA
1995-01-01,GDP,India,NA
1995-04-01,GDP,India,NA
1995-07-01,GDP,India,NA
1995-10-01,GDP,India,NA
1996-01-01,GDP,India,NA
1996-04-01,GDP,India,NA
1996-07-01,GDP,India,NA
1996-10-01,GDP,India,0.32281453877062843
1997-01-01,GDP,India,0.3338279849925851
1997-04-01,GDP,India,0.03349863833282026
1997-07-01,GDP,India,-0.34863696680635875
1997-10-01,GDP,India,-0.32887443495240964
1998-01-01,GDP,India,-0.2690049692832657
1998-04-01,GDP,India,-0.11500095092113428
1998-07-01,GDP,India,-0.03693757641964187
1998-10-01,GDP,India,-0.046769584049522105
1999-01-01,GDP,India,-0.1081933740337729
1999-04-01,GDP,India,-0.21907562556074198
1999-07-01,GDP,India,-0.2748695161409001
1999-10-01,GDP,India,-0.31346035843551584
2000-01-01,GDP,India,-0.3221100768488051
2000-04-01,GDP,India,-0.33533020707303907
2000-07-01,GDP,India,-0.3422587546379178
2000-10-01,GDP,India,-0.3395352027635505
2001-01-01,GDP,India,-0.32359292926666694
2001-04-01,GDP,India,-0.3568787429571412
2001-07-01,GDP,India,-0.3002735428650711
2001-10-01,GDP,India,-0.42025888095763275
2002-01-01,GDP,India,-0.4751225543158958
2002-04-01,GDP,India,-0.42697689631058966
2002-07-01,GDP,India,-0.26056718366514464
2002-10-01,GDP,India,-0.29377520230267923
2003-01-01,GDP,India,-0.37630743581655335
2003-04-01,GDP,India,-0.44320099783709044
2003-07-01,GDP,India,-0.5331854204245399
2003-10-01,GDP,India,-0.6694499940079908
2004-01-01,GDP,India,-0.704679429486768
2004-04-01,GDP,India,-0.6848784929318625
2004-07-01,GDP,India,-0.7120880818426598
2004-10-01,GDP,India,-0.7788970344343146
2005-01-01,GDP,India,-0.6971385434774773
2005-04-01,GDP,India,-0.5939052980243752
2005-07-01,GDP,India,-0.4629034023741588
2005-10-01,GDP,India,-0.4549525480845709
2006-01-01,GDP,India,-0.4676771160708545
2006-04-01,GDP,India,-0.4632745210857665
2006-07-01,GDP,India,-0.505543771312988
2006-10-01,GDP,India,-0.459693556060515
2007-01-01,GDP,India,-0.4079077898409804
2007-04-01,GDP,India,-0.4069762639074332
2007-07-01,GDP,India,-0.3856462288511786
2007-10-01,GDP,India,-0.5888366848638913
2008-01-01,GDP,India,-0.42839420516734916
2008-04-01,GDP,India,-0.16221797666448853
2008-07-01,GDP,India,-0.12804269722342349
2008-10-01,GDP,India,-0.12765537309927147
2009-01-01,GDP,India,0.04008110019344855
2009-04-01,GDP,India,0.09712378412337351
2009-07-01,GDP,India,0.11065725752880927
2009-10-01,GDP,India,0.18377024397719557
2010-01-01,GDP,India,0.20317625262360625
2010-04-01,GDP,India,0.20158106651038016
2010-07-01,GDP,India,0.1975702833466212
2010-10-01,GDP,India,0.1990631892175044
2011-01-01,GDP,India,0.19320217079128846
2011-04-01,GDP,India,0.16672641927532536
2011-07-01,GDP,India,0.18174790847994524
2011-10-01,GDP,India,0.18632311286966763
2012-01-01,GDP,India,0.1879622695713415
2012-04-01,GDP,India,0.18087835095604296
2012-07-01,GDP,India,0.1917404100885177
2012-10-01,GDP,India,0.31769913928514154
2013-01-01,GDP,India,0.293971962226097
2013-04-01,GDP,India,0.20121739537789182
2013-07-01,GDP,India,0.2561058502158987
2013-10-01,GDP,India,0.39471778390145706
2014-01-01,GDP,India,0.1718545121409034
2014-04-01,GDP,India,0.04262236896335628
2014-07-01,GDP,India,0.03213433644734038
2014-10-01,GDP,India,0.0804710542604819
2015-01-01,GDP,India,0.22780436403803395
2015-04-01,GDP,India,0.24962931259800217
2015-07-01,GDP,India,0.25443012772429313
2015-10-01,GDP,India,0.23984085877040895
2016-01-01,GDP,India,0.16165593417849028
2016-04-01,GDP,India,0.0627577865463674
2016-07-01,GDP,India,-0.015688731675312765
2016-10-01,GDP,India,-0.06980664696563683
2017-01-01,GDP,India,-0.17817894572880805
2017-04-01,GDP,India,-0.043690222769443024
2017-07-01,GDP,India,0.17855964027397195
2017-10-01,GDP,India,0.3495905485456849
2018-01-01,GDP,India,0.5523389653725631
2018-04-01,GDP,India,0.7015189009033138
2018-07-01,GDP,India,0.7804458236986733
2018-10-01,GDP,India,0.8275191855067364
2019-01-01,GDP,India,0.8630759634005135
2019-04-01,GDP,India,0.8639123554704646
2019-07-01,GDP,India,0.8467485520454628
2019-10-01,GDP,India,0.8482621592320815
2020-01-01,GDP,India,0.852443361852152
2020-04-01,GDP,India,0.8727522278068677
2020-07-01,GDP,India,0.8746694054597621
2020-10-01,GDP,India,0.8201324547191546
2021-01-01,GDP,India,0.7916763363748458
2021-04-01,GDP,India,0.80681591469306
2021-07-01,GDP,India,0.7945562799412356
2021-10-01,GDP,India,0.7826799644788895
2022-01-01,GDP,India,0.7803776912225031
2022-04-01,GDP,India,0.7800760813992116
2022-07-01,GDP,India,0.7791664556585194
2022-10-01,GDP,India,0.7778126488983002
2023-01-01,GDP,India,0.7751728022751998
2023-04-01,GDP,India,0.7702565921850691
2023-07-01,GDP,India,0.7644192790201428
2023-10-01,GDP,India,0.7570890978355818
2024-01-01,GDP,India,0.7491195276743259
2024-04-01,GDP,India,0.7423822853811604
2024-07-01,GDP,India,0.7508893507707772
2024-10-01,GDP,India,0.7647930883018669
2025-01-01,GDP,India,0.7711583954488862
2025-04-01,GDP,India,0.49431477109528366
2025-07-01,GDP,India,0.3859982513039343
2025-10-01,GDP,India,0.5225318948746909
1975-01-01,GDP,Japan,NA
1975-04-01,GDP,Japan,NA
1975-07-01,GDP,Japan,NA
1975-10-01,GDP,Japan,NA
1976-01-01,GDP,Japan,NA
1976-04-01,GDP,Japan,NA
1976-07-01,GDP,Japan,NA
1976-10-01,GDP,Japan,NA
1977-01-01,GDP,Japan,NA
1977-04-01,GDP,Japan,NA
1977-07-01,GDP,Japan,NA
1977-10-01,GDP,Japan,NA
1978-01-01,GDP,Japan,NA
1978-04-01,GDP,Japan,NA
1978-07-01,GDP,Japan,NA
1978-10-01,GDP,Japan,NA
1979-01-01,GDP,Japan,NA
1979-04-01,GDP,Japan,NA
1979-07-01,GDP,Japan,NA
1979-10-01,GDP,Japan,NA
1980-01-01,GDP,Japan,NA
1980-04-01,GDP,Japan,NA
1980-07-01,GDP,Japan,NA
1980-10-01,GDP,Japan,NA
1981-01-01,GDP,Japan,NA
1981-04-01,GDP,Japan,NA
1981-07-01,GDP,Japan,NA
1981-10-01,GDP,Japan,NA
1982-01-01,GDP,Japan,NA
1982-04-01,GDP,Japan,NA
1982-07-01,GDP,Japan,NA
1982-10-01,GDP,Japan,NA
1983-01-01,GDP,Japan,NA
1983-04-01,GDP,Japan,NA
1983-07-01,GDP,Japan,NA
1983-10-01,GDP,Japan,NA
1984-01-01,GDP,Japan,NA
1984-04-01,GDP,Japan,NA
1984-07-01,GDP,Japan,NA
1984-10-01,GDP,Japan,NA
1985-01-01,GDP,Japan,NA
1985-04-01,GDP,Japan,NA
1985-07-01,GDP,Japan,NA
1985-10-01,GDP,Japan,NA
1986-01-01,GDP,Japan,NA
1986-04-01,GDP,Japan,NA
1986-07-01,GDP,Japan,NA
1986-10-01,GDP,Japan,NA
1987-01-01,GDP,Japan,NA
1987-04-01,GDP,Japan,NA
1987-07-01,GDP,Japan,0.1351519773263872
1987-10-01,GDP,Japan,-0.6304331941538402
1988-01-01,GDP,Japan,-0.8050479564763744
1988-04-01,GDP,Japan,-0.6008698153928704
1988-07-01,GDP,Japan,-0.6215943227782852
1988-10-01,GDP,Japan,-0.600011694518672
1989-01-01,GDP,Japan,-0.351259336554941
1989-04-01,GDP,Japan,-0.341391327569828
1989-07-01,GDP,Japan,-0.3484018884666993
1989-10-01,GDP,Japan,-0.3831195244308091
1990-01-01,GDP,Japan,-0.3879211948611657
1990-04-01,GDP,Japan,-0.358682384177491
1990-07-01,GDP,Japan,-0.25113066102064635
1990-10-01,GDP,Japan,-0.20539086372315918
1991-01-01,GDP,Japan,-0.2025321314524134
1991-04-01,GDP,Japan,-0.14902383989703805
1991-07-01,GDP,Japan,-0.11796898385173182
1991-10-01,GDP,Japan,-0.09864771744702387
1992-01-01,GDP,Japan,-0.10846036988458832
1992-04-01,GDP,Japan,0.2150906521441454
1992-07-01,GDP,Japan,0.3804481593124508
1992-10-01,GDP,Japan,0.37396705619290666
1993-01-01,GDP,Japan,0.3644932875234787
1993-04-01,GDP,Japan,0.6965161033827739
1993-07-01,GDP,Japan,0.6364964687508947
1993-10-01,GDP,Japan,0.4202148096300289
1994-01-01,GDP,Japan,0.3615635578342531
1994-04-01,GDP,Japan,0.20935860591592145
1994-07-01,GDP,Japan,0.21060397194538721
1994-10-01,GDP,Japan,0.31848103576930575
1995-01-01,GDP,Japan,0.18901437550551817
1995-04-01,GDP,Japan,0.1066434022140783
1995-07-01,GDP,Japan,0.06256213974429212
1995-10-01,GDP,Japan,0.034918292652429635
1996-01-01,GDP,Japan,0.09917649549151285
1996-04-01,GDP,Japan,0.22397310147842844
1996-07-01,GDP,Japan,0.33827132194281256
1996-10-01,GDP,Japan,0.5301458848374163
1997-01-01,GDP,Japan,0.6827703526979875
1997-04-01,GDP,Japan,0.785278747697908
1997-07-01,GDP,Japan,0.8380118312898459
1997-10-01,GDP,Japan,0.865592095176225
1998-01-01,GDP,Japan,0.903155003290261
1998-04-01,GDP,Japan,0.8474586741706319
1998-07-01,GDP,Japan,0.78793888264484
1998-10-01,GDP,Japan,0.716724051077359
1999-01-01,GDP,Japan,0.7391437865239426
1999-04-01,GDP,Japan,0.785962915619194
1999-07-01,GDP,Japan,0.8008589287220554
1999-10-01,GDP,Japan,0.8279834782575107
2000-01-01,GDP,Japan,0.8555242608692696
2000-04-01,GDP,Japan,0.8631458561106974
2000-07-01,GDP,Japan,0.8613617457746565
2000-10-01,GDP,Japan,0.8550910798019852
2001-01-01,GDP,Japan,0.8307955553055079
2001-04-01,GDP,Japan,0.8252154496614629
2001-07-01,GDP,Japan,0.8102387679844869
2001-10-01,GDP,Japan,0.7639141137527515
2002-01-01,GDP,Japan,0.697647091364915
2002-04-01,GDP,Japan,0.6285177465665747
2002-07-01,GDP,Japan,0.5165127546258972
2002-10-01,GDP,Japan,0.3452178646898551
2003-01-01,GDP,Japan,0.28698443629645276
2003-04-01,GDP,Japan,0.2444722369712377
2003-07-01,GDP,Japan,0.19551727269302124
2003-10-01,GDP,Japan,0.31644421228662845
2004-01-01,GDP,Japan,0.22026117273567022
2004-04-01,GDP,Japan,0.10297166224722701
2004-07-01,GDP,Japan,-0.03371985929896588
2004-10-01,GDP,Japan,-0.3849955985851969
2005-01-01,GDP,Japan,-0.36566406391277884
2005-04-01,GDP,Japan,-0.2384799973797677
2005-07-01,GDP,Japan,-0.14853752866771266
2005-10-01,GDP,Japan,-0.13362726183417836
2006-01-01,GDP,Japan,-0.011041688418222282
2006-04-01,GDP,Japan,-0.09762774327409227
2006-07-01,GDP,Japan,-0.23533826725968593
2006-10-01,GDP,Japan,-0.48017261754454954
2007-01-01,GDP,Japan,-0.47977545300234725
2007-04-01,GDP,Japan,-0.4361884646381998
2007-07-01,GDP,Japan,-0.411002003098773
2007-10-01,GDP,Japan,-0.5522737096698894
2008-01-01,GDP,Japan,-0.37790767323747715
2008-04-01,GDP,Japan,-0.03642246208286168
2008-07-01,GDP,Japan,0.09582685424665485
2008-10-01,GDP,Japan,-0.008694212280702539
2009-01-01,GDP,Japan,0.1990290617153043
2009-04-01,GDP,Japan,0.3128976439885106
2009-07-01,GDP,Japan,0.33662070782520376
2009-10-01,GDP,Japan,0.3994734050001322
2010-01-01,GDP,Japan,0.43365245462931556
2010-04-01,GDP,Japan,0.43810262379144904
2010-07-01,GDP,Japan,0.43277259968091053
2010-10-01,GDP,Japan,0.43268711723498
2011-01-01,GDP,Japan,0.4319790630121272
2011-04-01,GDP,Japan,0.45437739963495827
2011-07-01,GDP,Japan,0.4728047050771197
2011-10-01,GDP,Japan,0.4917804638083356
2012-01-01,GDP,Japan,0.5032256715825303
2012-04-01,GDP,Japan,0.53211283068359
2012-07-01,GDP,Japan,0.5702634176107285
2012-10-01,GDP,Japan,0.6981644330748658
2013-01-01,GDP,Japan,0.7142639634478473
2013-04-01,GDP,Japan,0.6457559050102083
2013-07-01,GDP,Japan,0.7052601669039823
2013-10-01,GDP,Japan,0.7424242436688355
2014-01-01,GDP,Japan,0.6114034073677092
2014-04-01,GDP,Japan,0.4587988175067738
2014-07-01,GDP,Japan,0.3847303166299307
2014-10-01,GDP,Japan,0.29911287930542757
2015-01-01,GDP,Japan,-0.01641329028532173
2015-04-01,GDP,Japan,-0.11229407844034864
2015-07-01,GDP,Japan,-0.13297986316878832
2015-10-01,GDP,Japan,-0.14281426472267678
2016-01-01,GDP,Japan,-0.15842045213637415
2016-04-01,GDP,Japan,-0.11775806148323521
2016-07-01,GDP,Japan,-0.1090047720815065
2016-10-01,GDP,Japan,-0.08785417805389459
2017-01-01,GDP,Japan,-0.20145028744343563
2017-04-01,GDP,Japan,-0.11751674627919374
2017-07-01,GDP,Japan,0.19156465845572793
2017-10-01,GDP,Japan,0.4235461102972822
2018-01-01,GDP,Japan,0.5454194057167089
2018-04-01,GDP,Japan,0.6554011714538376
2018-07-01,GDP,Japan,0.6471802444205118
2018-10-01,GDP,Japan,0.6680643440261301
2019-01-01,GDP,Japan,0.7224984863787486
2019-04-01,GDP,Japan,0.7555259918943342
2019-07-01,GDP,Japan,0.790876715044735
2019-10-01,GDP,Japan,0.42863020890446046
2020-01-01,GDP,Japan,0.34817433975909884
2020-04-01,GDP,Japan,0.7906404013514582
2020-07-01,GDP,Japan,0.827278719895777
2020-10-01,GDP,Japan,0.8281488301088842
2021-01-01,GDP,Japan,0.8235656711473777
2021-04-01,GDP,Japan,0.8030023933533076
2021-07-01,GDP,Japan,0.7865634247913766
2021-10-01,GDP,Japan,0.7664747660855973
2022-01-01,GDP,Japan,0.7611269607467547
2022-04-01,GDP,Japan,0.7495814009854438
2022-07-01,GDP,Japan,0.7475729909900504
2022-10-01,GDP,Japan,0.7437112355286736
2023-01-01,GDP,Japan,0.7327688947754301
2023-04-01,GDP,Japan,0.7192861465136828
2023-07-01,GDP,Japan,0.7112343047635922
2023-10-01,GDP,Japan,0.7031294293918162
2024-01-01,GDP,Japan,0.6861548826282413
2024-04-01,GDP,Japan,0.6585872805977052
2024-07-01,GDP,Japan,0.6308318260088797
2024-10-01,GDP,Japan,0.7396185621896585
2025-01-01,GDP,Japan,0.8037985510243786
2025-04-01,GDP,Japan,0.5890808335219035
2025-07-01,GDP,Japan,0.42018991129725697
2025-10-01,GDP,Japan,0.16878669240064478
1975-01-01,GDP,Malaysia,NA
1975-04-01,GDP,Malaysia,NA
1975-07-01,GDP,Malaysia,NA
1975-10-01,GDP,Malaysia,NA
1976-01-01,GDP,Malaysia,NA
1976-04-01,GDP,Malaysia,NA
1976-07-01,GDP,Malaysia,NA
1976-10-01,GDP,Malaysia,NA
1977-01-01,GDP,Malaysia,NA
1977-04-01,GDP,Malaysia,NA
1977-07-01,GDP,Malaysia,NA
1977-10-01,GDP,Malaysia,NA
1978-01-01,GDP,Malaysia,NA
1978-04-01,GDP,Malaysia,NA
1978-07-01,GDP,Malaysia,NA
1978-10-01,GDP,Malaysia,NA
1979-01-01,GDP,Malaysia,NA
1979-04-01,GDP,Malaysia,NA
1979-07-01,GDP,Malaysia,NA
1979-10-01,GDP,Malaysia,NA
1980-01-01,GDP,Malaysia,NA
1980-04-01,GDP,Malaysia,NA
1980-07-01,GDP,Malaysia,NA
1980-10-01,GDP,Malaysia,NA
1981-01-01,GDP,Malaysia,NA
1981-04-01,GDP,Malaysia,NA
1981-07-01,GDP,Malaysia,NA
1981-10-01,GDP,Malaysia,NA
1982-01-01,GDP,Malaysia,NA
1982-04-01,GDP,Malaysia,NA
1982-07-01,GDP,Malaysia,NA
1982-10-01,GDP,Malaysia,NA
1983-01-01,GDP,Malaysia,NA
1983-04-01,GDP,Malaysia,NA
1983-07-01,GDP,Malaysia,NA
1983-10-01,GDP,Malaysia,NA
1984-01-01,GDP,Malaysia,NA
1984-04-01,GDP,Malaysia,NA
1984-07-01,GDP,Malaysia,NA
1984-10-01,GDP,Malaysia,NA
1985-01-01,GDP,Malaysia,NA
1985-04-01,GDP,Malaysia,NA
1985-07-01,GDP,Malaysia,NA
1985-10-01,GDP,Malaysia,NA
1986-01-01,GDP,Malaysia,NA
1986-04-01,GDP,Malaysia,NA
1986-07-01,GDP,Malaysia,NA
1986-10-01,GDP,Malaysia,NA
1987-01-01,GDP,Malaysia,NA
1987-04-01,GDP,Malaysia,NA
1987-07-01,GDP,Malaysia,NA
1987-10-01,GDP,Malaysia,NA
1988-01-01,GDP,Malaysia,NA
1988-04-01,GDP,Malaysia,NA
1988-07-01,GDP,Malaysia,NA
1988-10-01,GDP,Malaysia,NA
1989-01-01,GDP,Malaysia,NA
1989-04-01,GDP,Malaysia,NA
1989-07-01,GDP,Malaysia,NA
1989-10-01,GDP,Malaysia,NA
1990-01-01,GDP,Malaysia,NA
1990-04-01,GDP,Malaysia,NA
1990-07-01,GDP,Malaysia,NA
1990-10-01,GDP,Malaysia,NA
1991-01-01,GDP,Malaysia,NA
1991-04-01,GDP,Malaysia,NA
1991-07-01,GDP,Malaysia,NA
1991-10-01,GDP,Malaysia,NA
1992-01-01,GDP,Malaysia,NA
1992-04-01,GDP,Malaysia,NA
1992-07-01,GDP,Malaysia,NA
1992-10-01,GDP,Malaysia,NA
1993-01-01,GDP,Malaysia,NA
1993-04-01,GDP,Malaysia,NA
1993-07-01,GDP,Malaysia,NA
1993-10-01,GDP,Malaysia,NA
1994-01-01,GDP,Malaysia,NA
1994-04-01,GDP,Malaysia,NA
1994-07-01,GDP,Malaysia,NA
1994-10-01,GDP,Malaysia,NA
1995-01-01,GDP,Malaysia,NA
1995-04-01,GDP,Malaysia,NA
1995-07-01,GDP,Malaysia,NA
1995-10-01,GDP,Malaysia,NA
1996-01-01,GDP,Malaysia,NA
1996-04-01,GDP,Malaysia,NA
1996-07-01,GDP,Malaysia,NA
1996-10-01,GDP,Malaysia,NA
1997-01-01,GDP,Malaysia,NA
1997-04-01,GDP,Malaysia,NA
1997-07-01,GDP,Malaysia,NA
1997-10-01,GDP,Malaysia,NA
1998-01-01,GDP,Malaysia,NA
1998-04-01,GDP,Malaysia,NA
1998-07-01,GDP,Malaysia,NA
1998-10-01,GDP,Malaysia,NA
1999-01-01,GDP,Malaysia,NA
1999-04-01,GDP,Malaysia,NA
1999-07-01,GDP,Malaysia,NA
1999-10-01,GDP,Malaysia,NA
2000-01-01,GDP,Malaysia,NA
2000-04-01,GDP,Malaysia,NA
2000-07-01,GDP,Malaysia,NA
2000-10-01,GDP,Malaysia,NA
2001-01-01,GDP,Malaysia,NA
2001-04-01,GDP,Malaysia,NA
2001-07-01,GDP,Malaysia,NA
2001-10-01,GDP,Malaysia,NA
2002-01-01,GDP,Malaysia,NA
2002-04-01,GDP,Malaysia,NA
2002-07-01,GDP,Malaysia,NA
2002-10-01,GDP,Malaysia,NA
2003-01-01,GDP,Malaysia,NA
2003-04-01,GDP,Malaysia,NA
2003-07-01,GDP,Malaysia,NA
2003-10-01,GDP,Malaysia,NA
2004-01-01,GDP,Malaysia,NA
2004-04-01,GDP,Malaysia,NA
2004-07-01,GDP,Malaysia,NA
2004-10-01,GDP,Malaysia,NA
2005-01-01,GDP,Malaysia,NA
2005-04-01,GDP,Malaysia,NA
2005-07-01,GDP,Malaysia,0.9474645698158145
2005-10-01,GDP,Malaysia,0.5229982251673823
2006-01-01,GDP,Malaysia,-0.267331020912793
2006-04-01,GDP,Malaysia,-0.5379335270685287
2006-07-01,GDP,Malaysia,-0.5546634667602864
2006-10-01,GDP,Malaysia,-0.5417171461963404
2007-01-01,GDP,Malaysia,-0.2666476928919682
2007-04-01,GDP,Malaysia,-0.19326352051370216
2007-07-01,GDP,Malaysia,-0.2269615323119224
2007-10-01,GDP,Malaysia,-0.43787142471405505
2008-01-01,GDP,Malaysia,-0.015935459086416574
2008-04-01,GDP,Malaysia,0.3514515075577233
2008-07-01,GDP,Malaysia,0.41435559881341777
2008-10-01,GDP,Malaysia,0.3645417700739128
2009-01-01,GDP,Malaysia,0.4579725367011485
2009-04-01,GDP,Malaysia,0.5260234543657446
2009-07-01,GDP,Malaysia,0.5380627347442122
2009-10-01,GDP,Malaysia,0.5428420892287462
2010-01-01,GDP,Malaysia,0.5530353611930192
2010-04-01,GDP,Malaysia,0.566386158284896
2010-07-01,GDP,Malaysia,0.5713262638520542
2010-10-01,GDP,Malaysia,0.5689706753023784
2011-01-01,GDP,Malaysia,0.5699752833254021
2011-04-01,GDP,Malaysia,0.5846759572692004
2011-07-01,GDP,Malaysia,0.5872583244056608
2011-10-01,GDP,Malaysia,0.5883435356543765
2012-01-01,GDP,Malaysia,0.5865894494523556
2012-04-01,GDP,Malaysia,0.5956574686472575
2012-07-01,GDP,Malaysia,0.6196731309998038
2012-10-01,GDP,Malaysia,0.7315355379316036
2013-01-01,GDP,Malaysia,0.7698649787436175
2013-04-01,GDP,Malaysia,0.6907307557695318
2013-07-01,GDP,Malaysia,0.6511132643835095
2013-10-01,GDP,Malaysia,0.7222193309755157
2014-01-01,GDP,Malaysia,0.6267011080288573
2014-04-01,GDP,Malaysia,0.2264781210137264
2014-07-01,GDP,Malaysia,-0.00693737899819484
2014-10-01,GDP,Malaysia,-0.1705274754607929
2015-01-01,GDP,Malaysia,-0.37023272612036556
2015-04-01,GDP,Malaysia,-0.4466071920518165
2015-07-01,GDP,Malaysia,-0.46934238597197314
2015-10-01,GDP,Malaysia,-0.4434246540295456
2016-01-01,GDP,Malaysia,-0.3546140450212891
2016-04-01,GDP,Malaysia,-0.35587274740173347
2016-07-01,GDP,Malaysia,-0.35167739553657684
2016-10-01,GDP,Malaysia,-0.340931667881072
2017-01-01,GDP,Malaysia,-0.28426732012696593
2017-04-01,GDP,Malaysia,-0.05432113137608874
2017-07-01,GDP,Malaysia,0.26786031003223043
2017-10-01,GDP,Malaysia,0.4207027080413775
2018-01-01,GDP,Malaysia,0.6849274864450456
2018-04-01,GDP,Malaysia,0.8747336464911074
2018-07-01,GDP,Malaysia,0.920963353023454
2018-10-01,GDP,Malaysia,0.9386774768104499
2019-01-01,GDP,Malaysia,0.9530670092933063
2019-04-01,GDP,Malaysia,0.9695234650616134
2019-07-01,GDP,Malaysia,0.9744269379591427
2019-10-01,GDP,Malaysia,0.9528826079888727
2020-01-01,GDP,Malaysia,0.91971918534742
2020-04-01,GDP,Malaysia,0.935493066564972
2020-07-01,GDP,Malaysia,0.8762536341466829
2020-10-01,GDP,Malaysia,0.8751997718473357
2021-01-01,GDP,Malaysia,0.8742767166575577
2021-04-01,GDP,Malaysia,0.8795866949552511
2021-07-01,GDP,Malaysia,0.8842450298743474
2021-10-01,GDP,Malaysia,0.8866247380400923
2022-01-01,GDP,Malaysia,0.8859460471800285
2022-04-01,GDP,Malaysia,0.875769153359437
2022-07-01,GDP,Malaysia,0.8633908992188348
2022-10-01,GDP,Malaysia,0.8599419660690778
2023-01-01,GDP,Malaysia,0.857923032353062
2023-04-01,GDP,Malaysia,0.8544549468900785
2023-07-01,GDP,Malaysia,0.8513290756313454
2023-10-01,GDP,Malaysia,0.8471066702880194
2024-01-01,GDP,Malaysia,0.8403319190259622
2024-04-01,GDP,Malaysia,0.8238431011590067
2024-07-01,GDP,Malaysia,0.8101190549508146
2024-10-01,GDP,Malaysia,0.8170917684152611
2025-01-01,GDP,Malaysia,0.8293630661501158
2025-04-01,GDP,Malaysia,0.6395494314321003
2025-07-01,GDP,Malaysia,0.7706654483303217
2025-10-01,GDP,Malaysia,0.768525614506371
1975-01-01,GDP,New Zealand,NA
1975-04-01,GDP,New Zealand,NA
1975-07-01,GDP,New Zealand,NA
1975-10-01,GDP,New Zealand,NA
1976-01-01,GDP,New Zealand,NA
1976-04-01,GDP,New Zealand,NA
1976-07-01,GDP,New Zealand,NA
1976-10-01,GDP,New Zealand,NA
1977-01-01,GDP,New Zealand,NA
1977-04-01,GDP,New Zealand,NA
1977-07-01,GDP,New Zealand,NA
1977-10-01,GDP,New Zealand,NA
1978-01-01,GDP,New Zealand,NA
1978-04-01,GDP,New Zealand,NA
1978-07-01,GDP,New Zealand,NA
1978-10-01,GDP,New Zealand,NA
1979-01-01,GDP,New Zealand,NA
1979-04-01,GDP,New Zealand,NA
1979-07-01,GDP,New Zealand,NA
1979-10-01,GDP,New Zealand,NA
1980-01-01,GDP,New Zealand,NA
1980-04-01,GDP,New Zealand,NA
1980-07-01,GDP,New Zealand,NA
1980-10-01,GDP,New Zealand,NA
1981-01-01,GDP,New Zealand,NA
1981-04-01,GDP,New Zealand,NA
1981-07-01,GDP,New Zealand,NA
1981-10-01,GDP,New Zealand,NA
1982-01-01,GDP,New Zealand,NA
1982-04-01,GDP,New Zealand,NA
1982-07-01,GDP,New Zealand,NA
1982-10-01,GDP,New Zealand,NA
1983-01-01,GDP,New Zealand,NA
1983-04-01,GDP,New Zealand,NA
1983-07-01,GDP,New Zealand,NA
1983-10-01,GDP,New Zealand,NA
1984-01-01,GDP,New Zealand,NA
1984-04-01,GDP,New Zealand,NA
1984-07-01,GDP,New Zealand,NA
1984-10-01,GDP,New Zealand,NA
1985-01-01,GDP,New Zealand,NA
1985-04-01,GDP,New Zealand,NA
1985-07-01,GDP,New Zealand,NA
1985-10-01,GDP,New Zealand,NA
1986-01-01,GDP,New Zealand,NA
1986-04-01,GDP,New Zealand,NA
1986-07-01,GDP,New Zealand,NA
1986-10-01,GDP,New Zealand,NA
1987-01-01,GDP,New Zealand,NA
1987-04-01,GDP,New Zealand,NA
1987-07-01,GDP,New Zealand,NA
1987-10-01,GDP,New Zealand,-0.8802626064484691
1988-01-01,GDP,New Zealand,-0.7149679259115338
1988-04-01,GDP,New Zealand,-0.7309480046373513
1988-07-01,GDP,New Zealand,-0.5374797010730357
1988-10-01,GDP,New Zealand,-0.5239573402290968
1989-01-01,GDP,New Zealand,-0.24138545149338786
1989-04-01,GDP,New Zealand,-0.27044218807726056
1989-07-01,GDP,New Zealand,-0.22140748276030334
1989-10-01,GDP,New Zealand,-0.21299588922841456
1990-01-01,GDP,New Zealand,-0.21903045248029132
1990-04-01,GDP,New Zealand,-0.21868914961235433
1990-07-01,GDP,New Zealand,-0.1974399469467367
1990-10-01,GDP,New Zealand,-0.1267636370758554
1991-01-01,GDP,New Zealand,-0.09943686954166214
1991-04-01,GDP,New Zealand,-0.15750889433747403
1991-07-01,GDP,New Zealand,-0.19331214728562748
1991-10-01,GDP,New Zealand,-0.20765739002217856
1992-01-01,GDP,New Zealand,-0.11589576369059267
1992-04-01,GDP,New Zealand,0.05034168650429695
1992-07-01,GDP,New Zealand,0.018145524260744113
1992-10-01,GDP,New Zealand,0.10868420024286894
1993-01-01,GDP,New Zealand,0.2412206388139773
1993-04-01,GDP,New Zealand,0.32632863936145384
1993-07-01,GDP,New Zealand,0.3805510609967743
1993-10-01,GDP,New Zealand,0.3901885543977704
1994-01-01,GDP,New Zealand,0.3045457106920833
1994-04-01,GDP,New Zealand,0.39950204761086155
1994-07-01,GDP,New Zealand,0.3876218350634197
1994-10-01,GDP,New Zealand,0.315952040474477
1995-01-01,GDP,New Zealand,0.3956355532761651
1995-04-01,GDP,New Zealand,0.47105075900000454
1995-07-01,GDP,New Zealand,0.4848099161017559
1995-10-01,GDP,New Zealand,0.515978947575612
1996-01-01,GDP,New Zealand,0.5345183929457851
1996-04-01,GDP,New Zealand,0.5737220218348121
1996-07-01,GDP,New Zealand,0.5911201352534171
1996-10-01,GDP,New Zealand,0.5575541497413686
1997-01-01,GDP,New Zealand,0.47659566937626285
1997-04-01,GDP,New Zealand,0.45954443804585926
1997-07-01,GDP,New Zealand,0.5120698200264264
1997-10-01,GDP,New Zealand,0.3986760026473632
1998-01-01,GDP,New Zealand,0.31905347959889424
1998-04-01,GDP,New Zealand,0.383634340044396
1998-07-01,GDP,New Zealand,0.5258765591211868
1998-10-01,GDP,New Zealand,0.5609573477565688
1999-01-01,GDP,New Zealand,0.625547735018107
1999-04-01,GDP,New Zealand,0.6690935453951967
1999-07-01,GDP,New Zealand,0.6762626426400868
1999-10-01,GDP,New Zealand,0.7003326288695133
2000-01-01,GDP,New Zealand,0.6713503530084913
2000-04-01,GDP,New Zealand,0.6949864495404245
2000-07-01,GDP,New Zealand,0.6986702225232191
2000-10-01,GDP,New Zealand,0.6914924235155424
2001-01-01,GDP,New Zealand,0.6242977842467321
2001-04-01,GDP,New Zealand,0.6084166927725847
2001-07-01,GDP,New Zealand,0.5723509688774133
2001-10-01,GDP,New Zealand,0.5176033096720706
2002-01-01,GDP,New Zealand,0.5209852668342325
2002-04-01,GDP,New Zealand,0.42014666331602907
2002-07-01,GDP,New Zealand,0.15098389648673394
2002-10-01,GDP,New Zealand,0.0880467881330094
2003-01-01,GDP,New Zealand,0.1559670038818892
2003-04-01,GDP,New Zealand,0.09720613928480301
2003-07-01,GDP,New Zealand,-0.062395327390262996
2003-10-01,GDP,New Zealand,-0.09497528968207401
2004-01-01,GDP,New Zealand,-0.0609698183105571
2004-04-01,GDP,New Zealand,-0.056482948572754356
2004-07-01,GDP,New Zealand,-0.0296293144508202
2004-10-01,GDP,New Zealand,0.009964731759364458
2005-01-01,GDP,New Zealand,0.18762063593487047
2005-04-01,GDP,New Zealand,0.2971195151856946
2005-07-01,GDP,New Zealand,0.3115356959084525
2005-10-01,GDP,New Zealand,0.3097920749136887
2006-01-01,GDP,New Zealand,0.19372997710122886
2006-04-01,GDP,New Zealand,0.23548901475775416
2006-07-01,GDP,New Zealand,0.07103771264135433
2006-10-01,GDP,New Zealand,-0.1878217360204068
2007-01-01,GDP,New Zealand,-0.28978089165199655
2007-04-01,GDP,New Zealand,-0.26131687052207747
2007-07-01,GDP,New Zealand,-0.252337299482729
2007-10-01,GDP,New Zealand,-0.3489866435861519
2008-01-01,GDP,New Zealand,-0.282341753041899
2008-04-01,GDP,New Zealand,-0.3150915210874757
2008-07-01,GDP,New Zealand,-0.41275876531923256
2008-10-01,GDP,New Zealand,-0.4446132193753886
2009-01-01,GDP,New Zealand,-0.19638296074549752
2009-04-01,GDP,New Zealand,-0.08598736248647354
2009-07-01,GDP,New Zealand,-0.04578065732913454
2009-10-01,GDP,New Zealand,-0.027511408409378706
2010-01-01,GDP,New Zealand,-0.023933770375420937
2010-04-01,GDP,New Zealand,-0.05405713837518997
2010-07-01,GDP,New Zealand,-0.03996509171301061
2010-10-01,GDP,New Zealand,-0.0443585070597314
2011-01-01,GDP,New Zealand,-0.04172387231970263
2011-04-01,GDP,New Zealand,-0.07138103896807191
2011-07-01,GDP,New Zealand,-0.05981497854887838
2011-10-01,GDP,New Zealand,-0.055111648440171884
2012-01-01,GDP,New Zealand,-0.06405083008540488
2012-04-01,GDP,New Zealand,-0.061441426284824165
2012-07-01,GDP,New Zealand,-0.02934243031171587
2012-10-01,GDP,New Zealand,0.10806406644871026
2013-01-01,GDP,New Zealand,0.058755671728215324
2013-04-01,GDP,New Zealand,0.018231300670938404
2013-07-01,GDP,New Zealand,0.017403438313579895
2013-10-01,GDP,New Zealand,0.05305892366318103
2014-01-01,GDP,New Zealand,-0.14069881080781688
2014-04-01,GDP,New Zealand,-0.26727041611963276
2014-07-01,GDP,New Zealand,-0.2828220879513214
2014-10-01,GDP,New Zealand,-0.26540023211004976
2015-01-01,GDP,New Zealand,-0.09410405619544251
2015-04-01,GDP,New Zealand,-0.05987552734724814
2015-07-01,GDP,New Zealand,-0.16155243542326883
2015-10-01,GDP,New Zealand,-0.17386172025254512
2016-01-01,GDP,New Zealand,-0.22395433332368042
2016-04-01,GDP,New Zealand,-0.23380141665713608
2016-07-01,GDP,New Zealand,-0.25503792189580227
2016-10-01,GDP,New Zealand,-0.27097575018103925
2017-01-01,GDP,New Zealand,-0.2485110009623714
2017-04-01,GDP,New Zealand,-0.14729544126043406
2017-07-01,GDP,New Zealand,0.021918660239151837
2017-10-01,GDP,New Zealand,0.17988274171805316
2018-01-01,GDP,New Zealand,0.38352139083196857
2018-04-01,GDP,New Zealand,0.6023903131115187
2018-07-01,GDP,New Zealand,0.5912782585396221
2018-10-01,GDP,New Zealand,0.6935225803051256
2019-01-01,GDP,New Zealand,0.7757026904213502
2019-04-01,GDP,New Zealand,0.762475859955372
2019-07-01,GDP,New Zealand,0.7501308251786379
2019-10-01,GDP,New Zealand,0.7490063944102718
2020-01-01,GDP,New Zealand,0.6058340716859655
2020-04-01,GDP,New Zealand,0.8205166248046369
2020-07-01,GDP,New Zealand,0.7409258714253145
2020-10-01,GDP,New Zealand,0.6844908002753146
2021-01-01,GDP,New Zealand,0.615801516009207
2021-04-01,GDP,New Zealand,0.5574418194529971
2021-07-01,GDP,New Zealand,0.585629030977485
2021-10-01,GDP,New Zealand,0.5759651730469719
2022-01-01,GDP,New Zealand,0.5749681657053316
2022-04-01,GDP,New Zealand,0.5708716965721342
2022-07-01,GDP,New Zealand,0.5552634825314933
2022-10-01,GDP,New Zealand,0.5435161498788726
2023-01-01,GDP,New Zealand,0.5380763909529199
2023-04-01,GDP,New Zealand,0.5339261430437672
2023-07-01,GDP,New Zealand,0.5431043359144244
2023-10-01,GDP,New Zealand,0.5414689019600835
2024-01-01,GDP,New Zealand,0.5355355052871803
2024-04-01,GDP,New Zealand,0.5519755548793337
2024-07-01,GDP,New Zealand,0.563795641082928
2024-10-01,GDP,New Zealand,0.5583232666027051
2025-01-01,GDP,New Zealand,0.5888745159150451
2025-04-01,GDP,New Zealand,-0.16324814414737662
2025-07-01,GDP,New Zealand,-0.19256918518515995
2025-10-01,GDP,New Zealand,-0.19353293171197372
1975-01-01,GDP,Philippines,NA
1975-04-01,GDP,Philippines,NA
1975-07-01,GDP,Philippines,NA
1975-10-01,GDP,Philippines,NA
1976-01-01,GDP,Philippines,NA
1976-04-01,GDP,Philippines,NA
1976-07-01,GDP,Philippines,NA
1976-10-01,GDP,Philippines,NA
1977-01-01,GDP,Philippines,NA
1977-04-01,GDP,Philippines,NA
1977-07-01,GDP,Philippines,NA
1977-10-01,GDP,Philippines,NA
1978-01-01,GDP,Philippines,NA
1978-04-01,GDP,Philippines,NA
1978-07-01,GDP,Philippines,NA
1978-10-01,GDP,Philippines,NA
1979-01-01,GDP,Philippines,NA
1979-04-01,GDP,Philippines,NA
1979-07-01,GDP,Philippines,NA
1979-10-01,GDP,Philippines,NA
1980-01-01,GDP,Philippines,NA
1980-04-01,GDP,Philippines,NA
1980-07-01,GDP,Philippines,NA
1980-10-01,GDP,Philippines,NA
1981-01-01,GDP,Philippines,NA
1981-04-01,GDP,Philippines,NA
1981-07-01,GDP,Philippines,NA
1981-10-01,GDP,Philippines,NA
1982-01-01,GDP,Philippines,NA
1982-04-01,GDP,Philippines,NA
1982-07-01,GDP,Philippines,NA
1982-10-01,GDP,Philippines,NA
1983-01-01,GDP,Philippines,NA
1983-04-01,GDP,Philippines,NA
1983-07-01,GDP,Philippines,NA
1983-10-01,GDP,Philippines,NA
1984-01-01,GDP,Philippines,NA
1984-04-01,GDP,Philippines,NA
1984-07-01,GDP,Philippines,NA
1984-10-01,GDP,Philippines,NA
1985-01-01,GDP,Philippines,NA
1985-04-01,GDP,Philippines,NA
1985-07-01,GDP,Philippines,NA
1985-10-01,GDP,Philippines,NA
1986-01-01,GDP,Philippines,NA
1986-04-01,GDP,Philippines,NA
1986-07-01,GDP,Philippines,NA
1986-10-01,GDP,Philippines,NA
1987-01-01,GDP,Philippines,NA
1987-04-01,GDP,Philippines,NA
1987-07-01,GDP,Philippines,0.831890010564856
1987-10-01,GDP,Philippines,0.9171695402178293
1988-01-01,GDP,Philippines,0.2951456843200535
1988-04-01,GDP,Philippines,0.3622434320648832
1988-07-01,GDP,Philippines,0.20342209410547313
1988-10-01,GDP,Philippines,0.12266060263145319
1989-01-01,GDP,Philippines,0.21136693236114257
1989-04-01,GDP,Philippines,0.1435163431874161
1989-07-01,GDP,Philippines,0.08358072544404001
1989-10-01,GDP,Philippines,-0.030697435059020964
1990-01-01,GDP,Philippines,-0.06880429103650035
1990-04-01,GDP,Philippines,-0.06567700802586385
1990-07-01,GDP,Philippines,-0.04167666296309092
1990-10-01,GDP,Philippines,-0.027871857805008476
1991-01-01,GDP,Philippines,-0.028240111538806154
1991-04-01,GDP,Philippines,-0.03955281388887187
1991-07-01,GDP,Philippines,-0.0693515837676062
1991-10-01,GDP,Philippines,-0.0701023562147363
1992-01-01,GDP,Philippines,-0.052605551401948475
1992-04-01,GDP,Philippines,0.13237182851054866
1992-07-01,GDP,Philippines,0.15110836301561853
1992-10-01,GDP,Philippines,0.10967610184503324
1993-01-01,GDP,Philippines,0.08627397190347154
1993-04-01,GDP,Philippines,0.30272520733689
1993-07-01,GDP,Philippines,0.31263506881727393
1993-10-01,GDP,Philippines,0.22890446185836594
1994-01-01,GDP,Philippines,0.17682111157132274
1994-04-01,GDP,Philippines,0.15618052488677803
1994-07-01,GDP,Philippines,0.18702816898795555
1994-10-01,GDP,Philippines,0.28569185331271163
1995-01-01,GDP,Philippines,0.37164792249263273
1995-04-01,GDP,Philippines,0.3786753916922741
1995-07-01,GDP,Philippines,0.3467551425939218
1995-10-01,GDP,Philippines,0.3613268060005441
1996-01-01,GDP,Philippines,0.5155054252591719
1996-04-01,GDP,Philippines,0.6280764521761713
1996-07-01,GDP,Philippines,0.6467224360936232
1996-10-01,GDP,Philippines,0.7184178135284737
1997-01-01,GDP,Philippines,0.8255010011916837
1997-04-01,GDP,Philippines,0.855345579643221
1997-07-01,GDP,Philippines,0.8509732901990226
1997-10-01,GDP,Philippines,0.8658488125946718
1998-01-01,GDP,Philippines,0.8291062870515368
1998-04-01,GDP,Philippines,0.7371874633426501
1998-07-01,GDP,Philippines,0.7416448734927767
1998-10-01,GDP,Philippines,0.7665389082931471
1999-01-01,GDP,Philippines,0.7610964101925934
1999-04-01,GDP,Philippines,0.7644246334826053
1999-07-01,GDP,Philippines,0.8066494279095109
1999-10-01,GDP,Philippines,0.8026800915468852
2000-01-01,GDP,Philippines,0.8084004394498778
2000-04-01,GDP,Philippines,0.832040960205337
2000-07-01,GDP,Philippines,0.8677951059495471
2000-10-01,GDP,Philippines,0.8632782409441399
2001-01-01,GDP,Philippines,0.8471091717298531
2001-04-01,GDP,Philippines,0.8264806961189517
2001-07-01,GDP,Philippines,0.840403854657433
2001-10-01,GDP,Philippines,0.8178213486300734
2002-01-01,GDP,Philippines,0.765980723083294
2002-04-01,GDP,Philippines,0.6693469687134277
2002-07-01,GDP,Philippines,0.5651418795257392
2002-10-01,GDP,Philippines,0.15345052209198715
2003-01-01,GDP,Philippines,-0.13013117302537064
2003-04-01,GDP,Philippines,-0.15291152670147917
2003-07-01,GDP,Philippines,-0.262600755017806
2003-10-01,GDP,Philippines,-0.6132715518202244
2004-01-01,GDP,Philippines,-0.4711563859703495
2004-04-01,GDP,Philippines,-0.40450649773737746
2004-07-01,GDP,Philippines,-0.3874742596741264
2004-10-01,GDP,Philippines,-0.2013606039769458
2005-01-01,GDP,Philippines,-0.07030152414339991
2005-04-01,GDP,Philippines,-0.10691934859308336
2005-07-01,GDP,Philippines,-0.00402209751649568
2005-10-01,GDP,Philippines,-0.009626228711776789
2006-01-01,GDP,Philippines,-0.062064180620426644
2006-04-01,GDP,Philippines,-0.09786746554272537
2006-07-01,GDP,Philippines,-0.09534242381852116
2006-10-01,GDP,Philippines,-0.33683459872672744
2007-01-01,GDP,Philippines,-0.36809158043121637
2007-04-01,GDP,Philippines,-0.3470462556372226
2007-07-01,GDP,Philippines,-0.2790071216184183
2007-10-01,GDP,Philippines,-0.4540891673718212
2008-01-01,GDP,Philippines,-0.3441335259709214
2008-04-01,GDP,Philippines,0.048750787360708994
2008-07-01,GDP,Philippines,0.4257069099757254
2008-10-01,GDP,Philippines,0.3855096617539711
2009-01-01,GDP,Philippines,0.4661481572643012
2009-04-01,GDP,Philippines,0.5327596998750439
2009-07-01,GDP,Philippines,0.5456598019620047
2009-10-01,GDP,Philippines,0.5564489316257483
2010-01-01,GDP,Philippines,0.5474915443260987
2010-04-01,GDP,Philippines,0.5515530500714283
2010-07-01,GDP,Philippines,0.5525133874403306
2010-10-01,GDP,Philippines,0.5481122699879551
2011-01-01,GDP,Philippines,0.5429184049665803
2011-04-01,GDP,Philippines,0.5453495425125945
2011-07-01,GDP,Philippines,0.5239319071352876
2011-10-01,GDP,Philippines,0.5184108524419315
2012-01-01,GDP,Philippines,0.5239730446251658
2012-04-01,GDP,Philippines,0.5304194804368471
2012-07-01,GDP,Philippines,0.5753564769872098
2012-10-01,GDP,Philippines,0.7422774787931015
2013-01-01,GDP,Philippines,0.7252979362184683
2013-04-01,GDP,Philippines,0.6797967706710709
2013-07-01,GDP,Philippines,0.4725443283413101
2013-10-01,GDP,Philippines,0.3920565735393752
2014-01-01,GDP,Philippines,0.2171623165878911
2014-04-01,GDP,Philippines,0.008696836210254617
2014-07-01,GDP,Philippines,-0.042995417586517586
2014-10-01,GDP,Philippines,-0.11046353532184128
2015-01-01,GDP,Philippines,0.04298302996341079
2015-04-01,GDP,Philippines,0.08607234569409898
2015-07-01,GDP,Philippines,0.1647076421708733
2015-10-01,GDP,Philippines,0.12677761565177684
2016-01-01,GDP,Philippines,0.07953734923322181
2016-04-01,GDP,Philippines,0.056074596335598303
2016-07-01,GDP,Philippines,0.07828964304073076
2016-10-01,GDP,Philippines,0.12876021837786894
2017-01-01,GDP,Philippines,0.21794839316977602
2017-04-01,GDP,Philippines,0.5263101410034675
2017-07-01,GDP,Philippines,0.7253168414878868
2017-10-01,GDP,Philippines,0.7655776191632025
2018-01-01,GDP,Philippines,0.8238345879620871
2018-04-01,GDP,Philippines,0.9134656219020156
2018-07-01,GDP,Philippines,0.9411720418614153
2018-10-01,GDP,Philippines,0.9595146083318892
2019-01-01,GDP,Philippines,0.9681303917551918
2019-04-01,GDP,Philippines,0.9783307375198319
2019-07-01,GDP,Philippines,0.9831947470383052
2019-10-01,GDP,Philippines,0.9860679987270092
2020-01-01,GDP,Philippines,0.9592516493650566
2020-04-01,GDP,Philippines,0.978352118757451
2020-07-01,GDP,Philippines,0.979264352215566
2020-10-01,GDP,Philippines,0.9816224565405121
2021-01-01,GDP,Philippines,0.9831604672339751
2021-04-01,GDP,Philippines,0.9845352225908132
2021-07-01,GDP,Philippines,0.9827900280396707
2021-10-01,GDP,Philippines,0.9824985526396915
2022-01-01,GDP,Philippines,0.9826089623551955
2022-04-01,GDP,Philippines,0.9830711308811126
2022-07-01,GDP,Philippines,0.9831812638192522
2022-10-01,GDP,Philippines,0.981454882235043
2023-01-01,GDP,Philippines,0.9811263457081972
2023-04-01,GDP,Philippines,0.9805797404167885
2023-07-01,GDP,Philippines,0.9791903813417907
2023-10-01,GDP,Philippines,0.9777722101486002
2024-01-01,GDP,Philippines,0.976328125134787
2024-04-01,GDP,Philippines,0.9727581532914217
2024-07-01,GDP,Philippines,0.9685920505005011
2024-10-01,GDP,Philippines,0.9645386884512603
2025-01-01,GDP,Philippines,0.9822518921142109
2025-04-01,GDP,Philippines,0.9649777846715555
2025-07-01,GDP,Philippines,0.9548935471026835
2025-10-01,GDP,Philippines,0.9002481596775658
1975-01-01,GDP,Singapore,NA
1975-04-01,GDP,Singapore,NA
1975-07-01,GDP,Singapore,NA
1975-10-01,GDP,Singapore,NA
1976-01-01,GDP,Singapore,NA
1976-04-01,GDP,Singapore,NA
1976-07-01,GDP,Singapore,NA
1976-10-01,GDP,Singapore,NA
1977-01-01,GDP,Singapore,NA
1977-04-01,GDP,Singapore,NA
1977-07-01,GDP,Singapore,NA
1977-10-01,GDP,Singapore,NA
1978-01-01,GDP,Singapore,NA
1978-04-01,GDP,Singapore,NA
1978-07-01,GDP,Singapore,NA
1978-10-01,GDP,Singapore,NA
1979-01-01,GDP,Singapore,NA
1979-04-01,GDP,Singapore,NA
1979-07-01,GDP,Singapore,NA
1979-10-01,GDP,Singapore,NA
1980-01-01,GDP,Singapore,NA
1980-04-01,GDP,Singapore,NA
1980-07-01,GDP,Singapore,NA
1980-10-01,GDP,Singapore,NA
1981-01-01,GDP,Singapore,NA
1981-04-01,GDP,Singapore,NA
1981-07-01,GDP,Singapore,NA
1981-10-01,GDP,Singapore,NA
1982-01-01,GDP,Singapore,NA
1982-04-01,GDP,Singapore,NA
1982-07-01,GDP,Singapore,NA
1982-10-01,GDP,Singapore,NA
1983-01-01,GDP,Singapore,NA
1983-04-01,GDP,Singapore,NA
1983-07-01,GDP,Singapore,NA
1983-10-01,GDP,Singapore,NA
1984-01-01,GDP,Singapore,NA
1984-04-01,GDP,Singapore,NA
1984-07-01,GDP,Singapore,NA
1984-10-01,GDP,Singapore,NA
1985-01-01,GDP,Singapore,NA
1985-04-01,GDP,Singapore,NA
1985-07-01,GDP,Singapore,NA
1985-10-01,GDP,Singapore,NA
1986-01-01,GDP,Singapore,NA
1986-04-01,GDP,Singapore,NA
1986-07-01,GDP,Singapore,NA
1986-10-01,GDP,Singapore,NA
1987-01-01,GDP,Singapore,NA
1987-04-01,GDP,Singapore,NA
1987-07-01,GDP,Singapore,0.089220882441543
1987-10-01,GDP,Singapore,-0.477458070144517
1988-01-01,GDP,Singapore,-0.2726882456015013
1988-04-01,GDP,Singapore,-0.006966716941610607
1988-07-01,GDP,Singapore,-0.1246138428254237
1988-10-01,GDP,Singapore,-0.138908738351708
1989-01-01,GDP,Singapore,-0.18316529052909192
1989-04-01,GDP,Singapore,-0.2230564297769671
1989-07-01,GDP,Singapore,-0.2525507479816285
1989-10-01,GDP,Singapore,-0.2834007678978336
1990-01-01,GDP,Singapore,-0.2956954992057528
1990-04-01,GDP,Singapore,-0.2845403943920651
1990-07-01,GDP,Singapore,-0.27622170660704093
1990-10-01,GDP,Singapore,-0.2797954796485826
1991-01-01,GDP,Singapore,-0.27939727658858476
1991-04-01,GDP,Singapore,-0.2925978510853398
1991-07-01,GDP,Singapore,-0.3119686354186509
1991-10-01,GDP,Singapore,-0.3146737800315559
1992-01-01,GDP,Singapore,-0.18550165327496584
1992-04-01,GDP,Singapore,0.11379803698757274
1992-07-01,GDP,Singapore,0.10315475181993021
1992-10-01,GDP,Singapore,0.1677442622595569
1993-01-01,GDP,Singapore,0.21537652395942242
1993-04-01,GDP,Singapore,0.17655502775911955
1993-07-01,GDP,Singapore,0.20559279164890693
1993-10-01,GDP,Singapore,0.23893976949232779
1994-01-01,GDP,Singapore,0.3032554627570999
1994-04-01,GDP,Singapore,0.35608287226514246
1994-07-01,GDP,Singapore,0.34839274264524656
1994-10-01,GDP,Singapore,0.29363185461363533
1995-01-01,GDP,Singapore,0.2983170772009346
1995-04-01,GDP,Singapore,0.31644347721588223
1995-07-01,GDP,Singapore,0.3865431166909841
1995-10-01,GDP,Singapore,0.4337825579165546
1996-01-01,GDP,Singapore,0.5342873111736522
1996-04-01,GDP,Singapore,0.5433694014689491
1996-07-01,GDP,Singapore,0.45807758755074385
1996-10-01,GDP,Singapore,0.4491101964666693
1997-01-01,GDP,Singapore,0.49242195719706033
1997-04-01,GDP,Singapore,0.5608333630463578
1997-07-01,GDP,Singapore,0.6513028542168886
1997-10-01,GDP,Singapore,0.649604351633909
1998-01-01,GDP,Singapore,0.6123449032346991
1998-04-01,GDP,Singapore,0.6767562871414042
1998-07-01,GDP,Singapore,0.7590938338770773
1998-10-01,GDP,Singapore,0.8088143855485943
1999-01-01,GDP,Singapore,0.8367505615530572
1999-04-01,GDP,Singapore,0.8419341345766082
1999-07-01,GDP,Singapore,0.8491043128130813
1999-10-01,GDP,Singapore,0.8608990293876645
2000-01-01,GDP,Singapore,0.847123076437996
2000-04-01,GDP,Singapore,0.8123930098495249
2000-07-01,GDP,Singapore,0.7347290652572128
2000-10-01,GDP,Singapore,0.6993283666681851
2001-01-01,GDP,Singapore,0.6850652793321561
2001-04-01,GDP,Singapore,0.6826635657699166
2001-07-01,GDP,Singapore,0.683457926408194
2001-10-01,GDP,Singapore,0.6767601017074598
2002-01-01,GDP,Singapore,0.6454590154053008
2002-04-01,GDP,Singapore,0.5836174009958205
2002-07-01,GDP,Singapore,0.45257263126979025
2002-10-01,GDP,Singapore,0.3120120784630117
2003-01-01,GDP,Singapore,0.25702303694391104
2003-04-01,GDP,Singapore,0.12323528039269713
2003-07-01,GDP,Singapore,0.004312939484141863
2003-10-01,GDP,Singapore,-0.1689107166862933
2004-01-01,GDP,Singapore,-0.2465256100165646
2004-04-01,GDP,Singapore,-0.29231289828426404
2004-07-01,GDP,Singapore,-0.35430187061318347
2004-10-01,GDP,Singapore,-0.458023350338038
2005-01-01,GDP,Singapore,-0.4241931120171815
2005-04-01,GDP,Singapore,-0.32182302284360587
2005-07-01,GDP,Singapore,-0.0296031335072167
2005-10-01,GDP,Singapore,-0.007079055010419874
2006-01-01,GDP,Singapore,0.11012776197023587
2006-04-01,GDP,Singapore,0.03936750321044826
2006-07-01,GDP,Singapore,-0.15091362879595369
2006-10-01,GDP,Singapore,-0.44485040817101495
2007-01-01,GDP,Singapore,-0.4655506249234673
2007-04-01,GDP,Singapore,-0.45292979844151066
2007-07-01,GDP,Singapore,-0.43644580313751663
2007-10-01,GDP,Singapore,-0.5783986947195469
2008-01-01,GDP,Singapore,-0.42600695472258976
2008-04-01,GDP,Singapore,-0.22349940530391949
2008-07-01,GDP,Singapore,-0.30514224355373326
2008-10-01,GDP,Singapore,-0.37429119453889487
2009-01-01,GDP,Singapore,-0.06865777864666069
2009-04-01,GDP,Singapore,0.07094682123799372
2009-07-01,GDP,Singapore,0.10131460107110118
2009-10-01,GDP,Singapore,0.1356778598553205
2010-01-01,GDP,Singapore,0.14517186773117535
2010-04-01,GDP,Singapore,0.13034700740479224
2010-07-01,GDP,Singapore,0.13151320121937213
2010-10-01,GDP,Singapore,0.13205321770305645
2011-01-01,GDP,Singapore,0.13325343467611311
2011-04-01,GDP,Singapore,0.1467446976815037
2011-07-01,GDP,Singapore,0.15341085417946765
2011-10-01,GDP,Singapore,0.16344314057475345
2012-01-01,GDP,Singapore,0.1647569857606655
2012-04-01,GDP,Singapore,0.17929527427240788
2012-07-01,GDP,Singapore,0.21141828644090538
2012-10-01,GDP,Singapore,0.2817202614715838
2013-01-01,GDP,Singapore,0.2581294399980538
2013-04-01,GDP,Singapore,0.2440012578556253
2013-07-01,GDP,Singapore,0.49356593138611804
2013-10-01,GDP,Singapore,0.7055705906574468
2014-01-01,GDP,Singapore,0.6072207272628306
2014-04-01,GDP,Singapore,0.36369929391838673
2014-07-01,GDP,Singapore,0.2761313486491173
2014-10-01,GDP,Singapore,0.15519432734151983
2015-01-01,GDP,Singapore,0.20299035762016016
2015-04-01,GDP,Singapore,0.4730514084700779
2015-07-01,GDP,Singapore,0.4943533403983433
2015-10-01,GDP,Singapore,0.527329627447205
2016-01-01,GDP,Singapore,0.5994626268580497
2016-04-01,GDP,Singapore,0.6008732690063674
2016-07-01,GDP,Singapore,0.6570655506017287
2016-10-01,GDP,Singapore,0.6249487516307694
2017-01-01,GDP,Singapore,0.5749291786381919
2017-04-01,GDP,Singapore,0.47769428284098414
2017-07-01,GDP,Singapore,0.7558475257071702
2017-10-01,GDP,Singapore,0.8039186806234173
2018-01-01,GDP,Singapore,0.8607052805885957
2018-04-01,GDP,Singapore,0.845531452249904
2018-07-01,GDP,Singapore,0.8528064060589691
2018-10-01,GDP,Singapore,0.8009664198314613
2019-01-01,GDP,Singapore,0.7203906183660275
2019-04-01,GDP,Singapore,0.6226879520320562
2019-07-01,GDP,Singapore,0.5244961860631806
2019-10-01,GDP,Singapore,0.4668930305816289
2020-01-01,GDP,Singapore,0.3790663316994867
2020-04-01,GDP,Singapore,0.7921843423514445
2020-07-01,GDP,Singapore,0.8244270123194135
2020-10-01,GDP,Singapore,0.8168187046481215
2021-01-01,GDP,Singapore,0.7517054351837031
2021-04-01,GDP,Singapore,0.719940665849295
2021-07-01,GDP,Singapore,0.6860016672087841
2021-10-01,GDP,Singapore,0.662380097386179
2022-01-01,GDP,Singapore,0.6366077997677532
2022-04-01,GDP,Singapore,0.6232512389711613
2022-07-01,GDP,Singapore,0.6168019907732
2022-10-01,GDP,Singapore,0.6151306548387359
2023-01-01,GDP,Singapore,0.6100246529793882
2023-04-01,GDP,Singapore,0.5975506401204164
2023-07-01,GDP,Singapore,0.580340053449886
2023-10-01,GDP,Singapore,0.5734236191577751
2024-01-01,GDP,Singapore,0.5686961627816742
2024-04-01,GDP,Singapore,0.5712639984099912
2024-07-01,GDP,Singapore,0.6068139075989509
2024-10-01,GDP,Singapore,0.6489335146462901
2025-01-01,GDP,Singapore,0.6756644922717857
2025-04-01,GDP,Singapore,0.21654989159381577
2025-07-01,GDP,Singapore,-0.07848164087793423
2025-10-01,GDP,Singapore,-0.28044171481207947
1975-01-01,GDP,South Korea,NA
1975-04-01,GDP,South Korea,NA
1975-07-01,GDP,South Korea,NA
1975-10-01,GDP,South Korea,NA
1976-01-01,GDP,South Korea,NA
1976-04-01,GDP,South Korea,NA
1976-07-01,GDP,South Korea,NA
1976-10-01,GDP,South Korea,NA
1977-01-01,GDP,South Korea,NA
1977-04-01,GDP,South Korea,NA
1977-07-01,GDP,South Korea,NA
1977-10-01,GDP,South Korea,NA
1978-01-01,GDP,South Korea,NA
1978-04-01,GDP,South Korea,NA
1978-07-01,GDP,South Korea,NA
1978-10-01,GDP,South Korea,NA
1979-01-01,GDP,South Korea,NA
1979-04-01,GDP,South Korea,NA
1979-07-01,GDP,South Korea,NA
1979-10-01,GDP,South Korea,NA
1980-01-01,GDP,South Korea,NA
1980-04-01,GDP,South Korea,NA
1980-07-01,GDP,South Korea,NA
1980-10-01,GDP,South Korea,NA
1981-01-01,GDP,South Korea,NA
1981-04-01,GDP,South Korea,NA
1981-07-01,GDP,South Korea,NA
1981-10-01,GDP,South Korea,NA
1982-01-01,GDP,South Korea,NA
1982-04-01,GDP,South Korea,NA
1982-07-01,GDP,South Korea,NA
1982-10-01,GDP,South Korea,NA
1983-01-01,GDP,South Korea,NA
1983-04-01,GDP,South Korea,NA
1983-07-01,GDP,South Korea,NA
1983-10-01,GDP,South Korea,NA
1984-01-01,GDP,South Korea,NA
1984-04-01,GDP,South Korea,NA
1984-07-01,GDP,South Korea,NA
1984-10-01,GDP,South Korea,NA
1985-01-01,GDP,South Korea,NA
1985-04-01,GDP,South Korea,NA
1985-07-01,GDP,South Korea,NA
1985-10-01,GDP,South Korea,NA
1986-01-01,GDP,South Korea,NA
1986-04-01,GDP,South Korea,NA
1986-07-01,GDP,South Korea,NA
1986-10-01,GDP,South Korea,NA
1987-01-01,GDP,South Korea,NA
1987-04-01,GDP,South Korea,NA
1987-07-01,GDP,South Korea,0.9618421117753476
1987-10-01,GDP,South Korea,0.885947501867264
1988-01-01,GDP,South Korea,-0.3480970954467605
1988-04-01,GDP,South Korea,-0.3973296297125577
1988-07-01,GDP,South Korea,-0.383679368038929
1988-10-01,GDP,South Korea,-0.3862728867648821
1989-01-01,GDP,South Korea,-0.4371355148648244
1989-04-01,GDP,South Korea,-0.32173496483440267
1989-07-01,GDP,South Korea,-0.25332810509526954
1989-10-01,GDP,South Korea,-0.23904542186762734
1990-01-01,GDP,South Korea,-0.20168929885085113
1990-04-01,GDP,South Korea,-0.19610926593234373
1990-07-01,GDP,South Korea,-0.1977023400210054
1990-10-01,GDP,South Korea,-0.2039730026600094
1991-01-01,GDP,South Korea,-0.20549237189968667
1991-04-01,GDP,South Korea,-0.1942263165230473
1991-07-01,GDP,South Korea,-0.18032109663687426
1991-10-01,GDP,South Korea,-0.16625592490913607
1992-01-01,GDP,South Korea,-0.17625433901076037
1992-04-01,GDP,South Korea,-0.3621141058564241
1992-07-01,GDP,South Korea,-0.3714475797004888
1992-10-01,GDP,South Korea,-0.27194456122352695
1993-01-01,GDP,South Korea,0.31693079895757925
1993-04-01,GDP,South Korea,0.390921547776403
1993-07-01,GDP,South Korea,0.45327202349161627
1993-10-01,GDP,South Korea,0.3639565172186725
1994-01-01,GDP,South Korea,0.40391404872674885
1994-04-01,GDP,South Korea,0.3586803330135538
1994-07-01,GDP,South Korea,0.3583871428390069
1994-10-01,GDP,South Korea,0.29227002661707296
1995-01-01,GDP,South Korea,0.3633722777706561
1995-04-01,GDP,South Korea,0.43605147775687464
1995-07-01,GDP,South Korea,0.4867796324075718
1995-10-01,GDP,South Korea,0.5422321995262257
1996-01-01,GDP,South Korea,0.623935391615292
1996-04-01,GDP,South Korea,0.6810403316342312
1996-07-01,GDP,South Korea,0.7306899676480861
1996-10-01,GDP,South Korea,0.7729185148667901
1997-01-01,GDP,South Korea,0.8189487510145371
1997-04-01,GDP,South Korea,0.8647227120120289
1997-07-01,GDP,South Korea,0.8814687985375587
1997-10-01,GDP,South Korea,0.8544356609611339
1998-01-01,GDP,South Korea,0.7119981212623944
1998-04-01,GDP,South Korea,0.7824200230103475
1998-07-01,GDP,South Korea,0.832464890821279
1998-10-01,GDP,South Korea,0.8570904578640003
1999-01-01,GDP,South Korea,0.8676326953488794
1999-04-01,GDP,South Korea,0.8600500186442668
1999-07-01,GDP,South Korea,0.8378377982625796
1999-10-01,GDP,South Korea,0.8218032307271789
2000-01-01,GDP,South Korea,0.8070277081120474
2000-04-01,GDP,South Korea,0.7914560016184895
2000-07-01,GDP,South Korea,0.7706859821508445
2000-10-01,GDP,South Korea,0.7696713132724998
2001-01-01,GDP,South Korea,0.767383642204696
2001-04-01,GDP,South Korea,0.7597844169419455
2001-07-01,GDP,South Korea,0.7464799687816585
2001-10-01,GDP,South Korea,0.7268820574729045
2002-01-01,GDP,South Korea,0.7132474867411481
2002-04-01,GDP,South Korea,0.6722184682198734
2002-07-01,GDP,South Korea,0.6287350678182255
2002-10-01,GDP,South Korea,0.655024831621558
2003-01-01,GDP,South Korea,0.825826038938608
2003-04-01,GDP,South Korea,0.7974050201831854
2003-07-01,GDP,South Korea,0.710341651257382
2003-10-01,GDP,South Korea,0.4755897721730359
2004-01-01,GDP,South Korea,0.2673298059517561
2004-04-01,GDP,South Korea,0.020553721715443233
2004-07-01,GDP,South Korea,-0.2200666222378944
2004-10-01,GDP,South Korea,-0.38038240062637074
2005-01-01,GDP,South Korea,-0.3984110894164287
2005-04-01,GDP,South Korea,-0.40459446763078805
2005-07-01,GDP,South Korea,-0.1981101711879137
2005-10-01,GDP,South Korea,-0.19494483981855945
2006-01-01,GDP,South Korea,-0.2035748310548579
2006-04-01,GDP,South Korea,-0.17362443625509125
2006-07-01,GDP,South Korea,-0.20998764921893637
2006-10-01,GDP,South Korea,-0.256728013804755
2007-01-01,GDP,South Korea,-0.21175192912545263
2007-04-01,GDP,South Korea,-0.30196620475847086
2007-07-01,GDP,South Korea,-0.5755942256376656
2007-10-01,GDP,South Korea,-0.6092833320710305
2008-01-01,GDP,South Korea,-0.4650918969107627
2008-04-01,GDP,South Korea,-0.11716171704035173
2008-07-01,GDP,South Korea,0.089066938151443
2008-10-01,GDP,South Korea,0.020002559646866484
2009-01-01,GDP,South Korea,0.18949504961270475
2009-04-01,GDP,South Korea,0.29397797155448885
2009-07-01,GDP,South Korea,0.30370084270453207
2009-10-01,GDP,South Korea,0.3653255202493418
2010-01-01,GDP,South Korea,0.3816443290459919
2010-04-01,GDP,South Korea,0.3826765778796553
2010-07-01,GDP,South Korea,0.37347332170617215
2010-10-01,GDP,South Korea,0.37273730702253327
2011-01-01,GDP,South Korea,0.3674600509809666
2011-04-01,GDP,South Korea,0.3625492121991795
2011-07-01,GDP,South Korea,0.3650189947262464
2011-10-01,GDP,South Korea,0.36354792838864414
2012-01-01,GDP,South Korea,0.36325200035112915
2012-04-01,GDP,South Korea,0.3673997589703142
2012-07-01,GDP,South Korea,0.38604794772110335
2012-10-01,GDP,South Korea,0.4922531661089784
2013-01-01,GDP,South Korea,0.4822430279961165
2013-04-01,GDP,South Korea,0.413664508409466
2013-07-01,GDP,South Korea,0.374535882755615
2013-10-01,GDP,South Korea,0.6591812084897863
2014-01-01,GDP,South Korea,0.538298177058065
2014-04-01,GDP,South Korea,0.14876856383270778
2014-07-01,GDP,South Korea,0.06924381597834402
2014-10-01,GDP,South Korea,0.03042277303779852
2015-01-01,GDP,South Korea,0.10807998956674623
2015-04-01,GDP,South Korea,0.30251821063990225
2015-07-01,GDP,South Korea,0.33176317089158575
2015-10-01,GDP,South Korea,0.3123713357050397
2016-01-01,GDP,South Korea,0.3683977866477941
2016-04-01,GDP,South Korea,0.3542599817935928
2016-07-01,GDP,South Korea,0.3685570099270296
2016-10-01,GDP,South Korea,0.35621852299357526
2017-01-01,GDP,South Korea,0.2784964259015369
2017-04-01,GDP,South Korea,0.3460478761525213
2017-07-01,GDP,South Korea,0.5978048894827631
2017-10-01,GDP,South Korea,0.6189696228723579
2018-01-01,GDP,South Korea,0.7848655784921192
2018-04-01,GDP,South Korea,0.8478893663894906
2018-07-01,GDP,South Korea,0.8494556233479981
2018-10-01,GDP,South Korea,0.8624779323420777
2019-01-01,GDP,South Korea,0.7802318415193744
2019-04-01,GDP,South Korea,0.8099855248712503
2019-07-01,GDP,South Korea,0.7618342290811914
2019-10-01,GDP,South Korea,0.7841203972120299
2020-01-01,GDP,South Korea,0.6359702655861472
2020-04-01,GDP,South Korea,0.8550532629498763
2020-07-01,GDP,South Korea,0.8803262230166828
2020-10-01,GDP,South Korea,0.8884210767520103
2021-01-01,GDP,South Korea,0.8721962682571144
2021-04-01,GDP,South Korea,0.8294892516478886
2021-07-01,GDP,South Korea,0.8089570562924299
2021-10-01,GDP,South Korea,0.7710893809291706
2022-01-01,GDP,South Korea,0.7524692711157245
2022-04-01,GDP,South Korea,0.7307228052343305
2022-07-01,GDP,South Korea,0.7161601954402076
2022-10-01,GDP,South Korea,0.7171714007935671
2023-01-01,GDP,South Korea,0.7137248908681283
2023-04-01,GDP,South Korea,0.7053178218669273
2023-07-01,GDP,South Korea,0.6965880864341841
2023-10-01,GDP,South Korea,0.6885189790107816
2024-01-01,GDP,South Korea,0.6972346265430602
2024-04-01,GDP,South Korea,0.6888954158107382
2024-07-01,GDP,South Korea,0.7110913825441365
2024-10-01,GDP,South Korea,0.679756403472675
2025-01-01,GDP,South Korea,0.7164097554284051
2025-04-01,GDP,South Korea,0.3418302532945149
2025-07-01,GDP,South Korea,0.10874599385656995
2025-10-01,GDP,South Korea,-0.17431519013958513
1975-01-01,GDP,Thailand,NA
1975-04-01,GDP,Thailand,NA
1975-07-01,GDP,Thailand,NA
1975-10-01,GDP,Thailand,NA
1976-01-01,GDP,Thailand,NA
1976-04-01,GDP,Thailand,NA
1976-07-01,GDP,Thailand,NA
1976-10-01,GDP,Thailand,NA
1977-01-01,GDP,Thailand,NA
1977-04-01,GDP,Thailand,NA
1977-07-01,GDP,Thailand,NA
1977-10-01,GDP,Thailand,NA
1978-01-01,GDP,Thailand,NA
1978-04-01,GDP,Thailand,NA
1978-07-01,GDP,Thailand,NA
1978-10-01,GDP,Thailand,NA
1979-01-01,GDP,Thailand,NA
1979-04-01,GDP,Thailand,NA
1979-07-01,GDP,Thailand,NA
1979-10-01,GDP,Thailand,NA
1980-01-01,GDP,Thailand,NA
1980-04-01,GDP,Thailand,NA
1980-07-01,GDP,Thailand,NA
1980-10-01,GDP,Thailand,NA
1981-01-01,GDP,Thailand,NA
1981-04-01,GDP,Thailand,NA
1981-07-01,GDP,Thailand,NA
1981-10-01,GDP,Thailand,NA
1982-01-01,GDP,Thailand,NA
1982-04-01,GDP,Thailand,NA
1982-07-01,GDP,Thailand,NA
1982-10-01,GDP,Thailand,NA
1983-01-01,GDP,Thailand,NA
1983-04-01,GDP,Thailand,NA
1983-07-01,GDP,Thailand,NA
1983-10-01,GDP,Thailand,NA
1984-01-01,GDP,Thailand,NA
1984-04-01,GDP,Thailand,NA
1984-07-01,GDP,Thailand,NA
1984-10-01,GDP,Thailand,NA
1985-01-01,GDP,Thailand,NA
1985-04-01,GDP,Thailand,NA
1985-07-01,GDP,Thailand,NA
1985-10-01,GDP,Thailand,NA
1986-01-01,GDP,Thailand,NA
1986-04-01,GDP,Thailand,NA
1986-07-01,GDP,Thailand,NA
1986-10-01,GDP,Thailand,NA
1987-01-01,GDP,Thailand,NA
1987-04-01,GDP,Thailand,NA
1987-07-01,GDP,Thailand,NA
1987-10-01,GDP,Thailand,NA
1988-01-01,GDP,Thailand,NA
1988-04-01,GDP,Thailand,NA
1988-07-01,GDP,Thailand,NA
1988-10-01,GDP,Thailand,NA
1989-01-01,GDP,Thailand,NA
1989-04-01,GDP,Thailand,NA
1989-07-01,GDP,Thailand,NA
1989-10-01,GDP,Thailand,NA
1990-01-01,GDP,Thailand,NA
1990-04-01,GDP,Thailand,NA
1990-07-01,GDP,Thailand,NA
1990-10-01,GDP,Thailand,NA
1991-01-01,GDP,Thailand,NA
1991-04-01,GDP,Thailand,NA
1991-07-01,GDP,Thailand,NA
1991-10-01,GDP,Thailand,NA
1992-01-01,GDP,Thailand,NA
1992-04-01,GDP,Thailand,NA
1992-07-01,GDP,Thailand,NA
1992-10-01,GDP,Thailand,NA
1993-01-01,GDP,Thailand,NA
1993-04-01,GDP,Thailand,NA
1993-07-01,GDP,Thailand,0.938512638109017
1993-10-01,GDP,Thailand,0.8418302835609974
1994-01-01,GDP,Thailand,0.838529914435851
1994-04-01,GDP,Thailand,0.8499565395358424
1994-07-01,GDP,Thailand,0.8258749374293822
1994-10-01,GDP,Thailand,0.5285889453424519
1995-01-01,GDP,Thailand,0.6810015868066404
1995-04-01,GDP,Thailand,0.7781265467188787
1995-07-01,GDP,Thailand,0.8086565211781832
1995-10-01,GDP,Thailand,0.8364109677642566
1996-01-01,GDP,Thailand,0.8512238054737025
1996-04-01,GDP,Thailand,0.8963663858370825
1996-07-01,GDP,Thailand,0.9090695033153608
1996-10-01,GDP,Thailand,0.8704888371381657
1997-01-01,GDP,Thailand,0.8085545787407032
1997-04-01,GDP,Thailand,0.7993632048688826
1997-07-01,GDP,Thailand,0.7601793895331621
1997-10-01,GDP,Thailand,0.6517160941277202
1998-01-01,GDP,Thailand,0.6024868525721223
1998-04-01,GDP,Thailand,0.6697078855494129
1998-07-01,GDP,Thailand,0.7364225074925762
1998-10-01,GDP,Thailand,0.7411809368460167
1999-01-01,GDP,Thailand,0.7586625763728901
1999-04-01,GDP,Thailand,0.7744370336015778
1999-07-01,GDP,Thailand,0.7715439075523648
1999-10-01,GDP,Thailand,0.7763374639881574
2000-01-01,GDP,Thailand,0.7765139739063409
2000-04-01,GDP,Thailand,0.7819664051877927
2000-07-01,GDP,Thailand,0.7856761502272698
2000-10-01,GDP,Thailand,0.7886629760483153
2001-01-01,GDP,Thailand,0.7893800469226144
2001-04-01,GDP,Thailand,0.8016039613798587
2001-07-01,GDP,Thailand,0.8081984306860555
2001-10-01,GDP,Thailand,0.7803546479346319
2002-01-01,GDP,Thailand,0.7558561415293563
2002-04-01,GDP,Thailand,0.6961678463177183
2002-07-01,GDP,Thailand,0.590987368411924
2002-10-01,GDP,Thailand,0.6258652822032296
2003-01-01,GDP,Thailand,0.7395263644707021
2003-04-01,GDP,Thailand,0.7736647167821662
2003-07-01,GDP,Thailand,0.7329933985087059
2003-10-01,GDP,Thailand,0.6862606295370618
2004-01-01,GDP,Thailand,0.6023095097635234
2004-04-01,GDP,Thailand,0.45813944011782587
2004-07-01,GDP,Thailand,0.4483074469100738
2004-10-01,GDP,Thailand,0.5047773567220207
2005-01-01,GDP,Thailand,0.5773677907812975
2005-04-01,GDP,Thailand,0.636100613256956
2005-07-01,GDP,Thailand,0.5979237948972653
2005-10-01,GDP,Thailand,0.6155744939139934
2006-01-01,GDP,Thailand,0.5819694229511816
2006-04-01,GDP,Thailand,0.5801242355446575
2006-07-01,GDP,Thailand,0.44798840491260217
2006-10-01,GDP,Thailand,0.15604492202928202
2007-01-01,GDP,Thailand,0.048714498683145396
2007-04-01,GDP,Thailand,0.06801374598870964
2007-07-01,GDP,Thailand,0.12784345464924987
2007-10-01,GDP,Thailand,-0.10782174563720838
2008-01-01,GDP,Thailand,-0.022596530441039174
2008-04-01,GDP,Thailand,0.0986240296296113
2008-07-01,GDP,Thailand,0.029995468660571043
2008-10-01,GDP,Thailand,-0.04468386856467812
2009-01-01,GDP,Thailand,0.2203515460162553
2009-04-01,GDP,Thailand,0.34179472576976494
2009-07-01,GDP,Thailand,0.37290441657566004
2009-10-01,GDP,Thailand,0.3391723099509924
2010-01-01,GDP,Thailand,0.30773721286033245
2010-04-01,GDP,Thailand,0.301612440830402
2010-07-01,GDP,Thailand,0.30153510795248134
2010-10-01,GDP,Thailand,0.30060151898065723
2011-01-01,GDP,Thailand,0.29871629913222697
2011-04-01,GDP,Thailand,0.3111644598124875
2011-07-01,GDP,Thailand,0.32393029632777876
2011-10-01,GDP,Thailand,0.28835463632965813
2012-01-01,GDP,Thailand,0.29155918570391715
2012-04-01,GDP,Thailand,0.3086773844931774
2012-07-01,GDP,Thailand,0.3317983221564765
2012-10-01,GDP,Thailand,0.380186176119656
2013-01-01,GDP,Thailand,0.3595033823387472
2013-04-01,GDP,Thailand,0.32882923970567146
2013-07-01,GDP,Thailand,0.41467695311343405
2013-10-01,GDP,Thailand,0.5280235871368477
2014-01-01,GDP,Thailand,0.40308429057821954
2014-04-01,GDP,Thailand,0.21263528616642163
2014-07-01,GDP,Thailand,0.18051680476603554
2014-10-01,GDP,Thailand,0.19872280153094596
2015-01-01,GDP,Thailand,0.3617817752733063
2015-04-01,GDP,Thailand,0.3919306224954476
2015-07-01,GDP,Thailand,0.39021485540181045
2015-10-01,GDP,Thailand,0.39694521494969415
2016-01-01,GDP,Thailand,0.392241051001869
2016-04-01,GDP,Thailand,0.4026043005703224
2016-07-01,GDP,Thailand,0.40251711307495847
2016-10-01,GDP,Thailand,0.779135025665848
2017-01-01,GDP,Thailand,0.788945144199577
2017-04-01,GDP,Thailand,0.7661352586826514
2017-07-01,GDP,Thailand,0.7566777114593085
2017-10-01,GDP,Thailand,0.847248221792987
2018-01-01,GDP,Thailand,0.9467020481833472
2018-04-01,GDP,Thailand,0.9608500739946835
2018-07-01,GDP,Thailand,0.955410245347754
2018-10-01,GDP,Thailand,0.9587644692698838
2019-01-01,GDP,Thailand,0.9684331003137003
2019-04-01,GDP,Thailand,0.967625157686334
2019-07-01,GDP,Thailand,0.9587454674716143
2019-10-01,GDP,Thailand,0.9413357365691263
2020-01-01,GDP,Thailand,0.9190759429192734
2020-04-01,GDP,Thailand,0.9644345608159477
2020-07-01,GDP,Thailand,0.9585157447690362
2020-10-01,GDP,Thailand,0.9548944012810578
2021-01-01,GDP,Thailand,0.957101058387994
2021-04-01,GDP,Thailand,0.9590641552967791
2021-07-01,GDP,Thailand,0.9621668638593959
2021-10-01,GDP,Thailand,0.9631458446744048
2022-01-01,GDP,Thailand,0.963751486801821
2022-04-01,GDP,Thailand,0.9638258007359359
2022-07-01,GDP,Thailand,0.9639372396743119
2022-10-01,GDP,Thailand,0.9629799608658305
2023-01-01,GDP,Thailand,0.9656976586072876
2023-04-01,GDP,Thailand,0.9668336059449597
2023-07-01,GDP,Thailand,0.965188809458084
2023-10-01,GDP,Thailand,0.9622061696289309
2024-01-01,GDP,Thailand,0.9617321895905966
2024-04-01,GDP,Thailand,0.9565258824744509
2024-07-01,GDP,Thailand,0.9427593497631684
2024-10-01,GDP,Thailand,0.9374129926795856
2025-01-01,GDP,Thailand,0.9499396527487391
2025-04-01,GDP,Thailand,0.9380077955322038
2025-07-01,GDP,Thailand,0.9266143812977101
2025-10-01,GDP,Thailand,0.9364343744999806
1975-01-01,GDP,United States,NA
1975-04-01,GDP,United States,NA
1975-07-01,GDP,United States,NA
1975-10-01,GDP,United States,NA
1976-01-01,GDP,United States,NA
1976-04-01,GDP,United States,NA
1976-07-01,GDP,United States,NA
1976-10-01,GDP,United States,NA
1977-01-01,GDP,United States,NA
1977-04-01,GDP,United States,NA
1977-07-01,GDP,United States,NA
1977-10-01,GDP,United States,NA
1978-01-01,GDP,United States,NA
1978-04-01,GDP,United States,NA
1978-07-01,GDP,United States,NA
1978-10-01,GDP,United States,NA
1979-01-01,GDP,United States,NA
1979-04-01,GDP,United States,NA
1979-07-01,GDP,United States,NA
1979-10-01,GDP,United States,NA
1980-01-01,GDP,United States,NA
1980-04-01,GDP,United States,NA
1980-07-01,GDP,United States,NA
1980-10-01,GDP,United States,NA
1981-01-01,GDP,United States,NA
1981-04-01,GDP,United States,NA
1981-07-01,GDP,United States,NA
1981-10-01,GDP,United States,NA
1982-01-01,GDP,United States,NA
1982-04-01,GDP,United States,NA
1982-07-01,GDP,United States,NA
1982-10-01,GDP,United States,NA
1983-01-01,GDP,United States,NA
1983-04-01,GDP,United States,NA
1983-07-01,GDP,United States,NA
1983-10-01,GDP,United States,NA
1984-01-01,GDP,United States,NA
1984-04-01,GDP,United States,NA
1984-07-01,GDP,United States,NA
1984-10-01,GDP,United States,NA
1985-01-01,GDP,United States,NA
1985-04-01,GDP,United States,NA
1985-07-01,GDP,United States,NA
1985-10-01,GDP,United States,NA
1986-01-01,GDP,United States,NA
1986-04-01,GDP,United States,NA
1986-07-01,GDP,United States,NA
1986-10-01,GDP,United States,NA
1987-01-01,GDP,United States,NA
1987-04-01,GDP,United States,NA
1987-07-01,GDP,United States,0.7747340568691125
1987-10-01,GDP,United States,-0.653757147979988
1988-01-01,GDP,United States,-0.6732254591344614
1988-04-01,GDP,United States,-0.27675774101800293
1988-07-01,GDP,United States,-0.3298187794337035
1988-10-01,GDP,United States,-0.29892370801437773
1989-01-01,GDP,United States,-0.10256872910868402
1989-04-01,GDP,United States,-0.152160068958344
1989-07-01,GDP,United States,-0.1985831849501094
1989-10-01,GDP,United States,-0.22545921000338645
1990-01-01,GDP,United States,-0.24787751604412048
1990-04-01,GDP,United States,-0.24092597889640366
1990-07-01,GDP,United States,-0.23773217229458066
1990-10-01,GDP,United States,-0.2573594901826706
1991-01-01,GDP,United States,-0.18344710584387489
1991-04-01,GDP,United States,-0.22116244186564435
1991-07-01,GDP,United States,-0.25429366205377557
1991-10-01,GDP,United States,-0.26193551884119587
1992-01-01,GDP,United States,-0.18419341093519878
1992-04-01,GDP,United States,-0.10668906359058158
1992-07-01,GDP,United States,-0.09671153803408064
1992-10-01,GDP,United States,-0.07068660957154939
1993-01-01,GDP,United States,-0.014682270023486245
1993-04-01,GDP,United States,-0.014536369233065746
1993-07-01,GDP,United States,0.01683484084566534
1993-10-01,GDP,United States,-0.005296048279348941
1994-01-01,GDP,United States,-0.1401836726568726
1994-04-01,GDP,United States,-0.09414837017495847
1994-07-01,GDP,United States,-0.07025528910082576
1994-10-01,GDP,United States,-0.08007075994745032
1995-01-01,GDP,United States,-0.007840214617108475
1995-04-01,GDP,United States,-0.04440803459717484
1995-07-01,GDP,United States,-0.12333540967758688
1995-10-01,GDP,United States,-0.15634389912189608
1996-01-01,GDP,United States,-0.2411585781590706
1996-04-01,GDP,United States,-0.15479916606051045
1996-07-01,GDP,United States,-0.12012688304445052
1996-10-01,GDP,United States,-0.12454673578089843
1997-01-01,GDP,United States,-0.27722407024147405
1997-04-01,GDP,United States,-0.23827584488139542
1997-07-01,GDP,United States,-0.10456470450957281
1997-10-01,GDP,United States,-3.518109942375277e-4
1998-01-01,GDP,United States,-0.03779298312506377
1998-04-01,GDP,United States,-0.13491554113006662
1998-07-01,GDP,United States,-0.2949699421038748
1998-10-01,GDP,United States,-0.4659930086685437
1999-01-01,GDP,United States,-0.5226594382340695
1999-04-01,GDP,United States,-0.5691419049687293
1999-07-01,GDP,United States,-0.6013065915915112
1999-10-01,GDP,United States,-0.5939941872260788
2000-01-01,GDP,United States,-0.5891981163664977
2000-04-01,GDP,United States,-0.5548949275559589
2000-07-01,GDP,United States,-0.5534389246510476
2000-10-01,GDP,United States,-0.5452765135140403
2001-01-01,GDP,United States,-0.5553989979455539
2001-04-01,GDP,United States,-0.5370545553521662
2001-07-01,GDP,United States,-0.4687138067772075
2001-10-01,GDP,United States,-0.37763986402337096
2002-01-01,GDP,United States,-0.2984557576882005
2002-04-01,GDP,United States,-0.27812792857398905
2002-07-01,GDP,United States,-0.3147958434247299
2002-10-01,GDP,United States,-0.3700864239977125
2003-01-01,GDP,United States,-0.42340470716091316
2003-04-01,GDP,United States,-0.49554188762608614
2003-07-01,GDP,United States,-0.5610236963769024
2003-10-01,GDP,United States,-0.6496368835957795
2004-01-01,GDP,United States,-0.6647268193511374
2004-04-01,GDP,United States,-0.6944149122582904
2004-07-01,GDP,United States,-0.733269006528772
2004-10-01,GDP,United States,-0.669797384035
2005-01-01,GDP,United States,-0.5724431620466753
2005-04-01,GDP,United States,-0.331824466054827
2005-07-01,GDP,United States,-0.0692748510047128
2005-10-01,GDP,United States,-0.05278858593969003
2006-01-01,GDP,United States,-0.010612490162646463
2006-04-01,GDP,United States,-0.10109920988275004
2006-07-01,GDP,United States,-0.19832682097267784
2006-10-01,GDP,United States,-0.3700723443701739
2007-01-01,GDP,United States,-0.39647860312664984
2007-04-01,GDP,United States,-0.38056179687378683
2007-07-01,GDP,United States,-0.3468119208073639
2007-10-01,GDP,United States,-0.5366619932633968
2008-01-01,GDP,United States,-0.415955311737965
2008-04-01,GDP,United States,-0.010398731059171998
2008-07-01,GDP,United States,0.1456360162219706
2008-10-01,GDP,United States,0.003926902740998423
2009-01-01,GDP,United States,0.14573290997431315
2009-04-01,GDP,United States,0.28289362435496235
2009-07-01,GDP,United States,0.30646853855318634
2009-10-01,GDP,United States,0.35688982040796374
2010-01-01,GDP,United States,0.38977659280064125
2010-04-01,GDP,United States,0.3946409095736198
2010-07-01,GDP,United States,0.3986310531117499
2010-10-01,GDP,United States,0.3967100113983866
2011-01-01,GDP,United States,0.405922619791946
2011-04-01,GDP,United States,0.4578824254210508
2011-07-01,GDP,United States,0.4920239377991684
2011-10-01,GDP,United States,0.5159894941957314
2012-01-01,GDP,United States,0.5234132776582199
2012-04-01,GDP,United States,0.5542266311573598
2012-07-01,GDP,United States,0.62071647563797006
2012-10-01,GDP,United States,0.8180194150207845
2013-01-01,GDP,United States,0.8437178681848204
2013-04-01,GDP,United States,0.7886447551276043
2013-07-01,GDP,United States,0.7933069536710464
2013-10-01,GDP,United States,0.8752191210459408
2014-01-01,GDP,United States,0.8456093031718825
2014-04-01,GDP,United States,0.6984116080688164
2014-07-01,GDP,United States,0.5395181803638636
2014-10-01,GDP,United States,0.29213796567772843
2015-01-01,GDP,United States,-0.2628099254488892
2015-04-01,GDP,United States,-0.48934211817528317
2015-07-01,GDP,United States,-0.5652343812138722
2015-10-01,GDP,United States,-0.5674973988401376
2016-01-01,GDP,United States,-0.5759567797088865
2016-04-01,GDP,United States,-0.5591324956186959
2016-07-01,GDP,United States,-0.5976157453342973
2016-10-01,GDP,United States,-0.5851301001601308
2017-01-01,GDP,United States,-0.6431974406282477
2017-04-01,GDP,United States,-0.7018988317755043
2017-07-01,GDP,United States,-0.5912584079253271
2017-10-01,GDP,United States,-0.3676384980408627
2018-01-01,GDP,United States,-0.015409950837879414
2018-04-01,GDP,United States,0.2901314300734992
2018-07-01,GDP,United States,0.4491539278813721
2018-10-01,GDP,United States,0.46248130557561845
2019-01-01,GDP,United States,0.5098507266444232
2019-04-01,GDP,United States,0.5729373248620673
2019-07-01,GDP,United States,0.716834529286675
2019-10-01,GDP,United States,0.7654486904642605
2020-01-01,GDP,United States,0.7203419615047317
2020-04-01,GDP,United States,0.8683563358663795
2020-07-01,GDP,United States,0.8784147004709313
2020-10-01,GDP,United States,0.8714273243229392
2021-01-01,GDP,United States,0.8593450459499872
2021-04-01,GDP,United States,0.8266795494623843
2021-07-01,GDP,United States,0.7867685848621043
2021-10-01,GDP,United States,0.7448663198863361
2022-01-01,GDP,United States,0.7329982941277497
2022-04-01,GDP,United States,0.7316889080061592
2022-07-01,GDP,United States,0.7309096900850303
2022-10-01,GDP,United States,0.7286019186758533
2023-01-01,GDP,United States,0.7254519330560085
2023-04-01,GDP,United States,0.7218715206659598
2023-07-01,GDP,United States,0.7178933382228547
2023-10-01,GDP,United States,0.7183506898091726
2024-01-01,GDP,United States,0.72255730600463
2024-04-01,GDP,United States,0.7350204921700055
2024-07-01,GDP,United States,0.7448895988002279
2024-10-01,GDP,United States,0.7407574143347829
2025-01-01,GDP,United States,0.7709155042399981
2025-04-01,GDP,United States,0.4393899160201237
2025-07-01,GDP,United States,0.2506322693332196
2025-10-01,GDP,United States,-0.08122832323919389
1975-01-01,GDP,Vietnam,NA
1975-04-01,GDP,Vietnam,NA
1975-07-01,GDP,Vietnam,NA
1975-10-01,GDP,Vietnam,NA
1976-01-01,GDP,Vietnam,NA
1976-04-01,GDP,Vietnam,NA
1976-07-01,GDP,Vietnam,NA
1976-10-01,GDP,Vietnam,NA
1977-01-01,GDP,Vietnam,NA
1977-04-01,GDP,Vietnam,NA
1977-07-01,GDP,Vietnam,NA
1977-10-01,GDP,Vietnam,NA
1978-01-01,GDP,Vietnam,NA
1978-04-01,GDP,Vietnam,NA
1978-07-01,GDP,Vietnam,NA
1978-10-01,GDP,Vietnam,NA
1979-01-01,GDP,Vietnam,NA
1979-04-01,GDP,Vietnam,NA
1979-07-01,GDP,Vietnam,NA
1979-10-01,GDP,Vietnam,NA
1980-01-01,GDP,Vietnam,NA
1980-04-01,GDP,Vietnam,NA
1980-07-01,GDP,Vietnam,NA
1980-10-01,GDP,Vietnam,NA
1981-01-01,GDP,Vietnam,NA
1981-04-01,GDP,Vietnam,NA
1981-07-01,GDP,Vietnam,NA
1981-10-01,GDP,Vietnam,NA
1982-01-01,GDP,Vietnam,NA
1982-04-01,GDP,Vietnam,NA
1982-07-01,GDP,Vietnam,NA
1982-10-01,GDP,Vietnam,NA
1983-01-01,GDP,Vietnam,NA
1983-04-01,GDP,Vietnam,NA
1983-07-01,GDP,Vietnam,NA
1983-10-01,GDP,Vietnam,NA
1984-01-01,GDP,Vietnam,NA
1984-04-01,GDP,Vietnam,NA
1984-07-01,GDP,Vietnam,NA
1984-10-01,GDP,Vietnam,NA
1985-01-01,GDP,Vietnam,NA
1985-04-01,GDP,Vietnam,NA
1985-07-01,GDP,Vietnam,NA
1985-10-01,GDP,Vietnam,NA
1986-01-01,GDP,Vietnam,NA
1986-04-01,GDP,Vietnam,NA
1986-07-01,GDP,Vietnam,NA
1986-10-01,GDP,Vietnam,NA
1987-01-01,GDP,Vietnam,NA
1987-04-01,GDP,Vietnam,NA
1987-07-01,GDP,Vietnam,NA
1987-10-01,GDP,Vietnam,NA
1988-01-01,GDP,Vietnam,NA
1988-04-01,GDP,Vietnam,NA
1988-07-01,GDP,Vietnam,NA
1988-10-01,GDP,Vietnam,NA
1989-01-01,GDP,Vietnam,NA
1989-04-01,GDP,Vietnam,NA
1989-07-01,GDP,Vietnam,NA
1989-10-01,GDP,Vietnam,NA
1990-01-01,GDP,Vietnam,NA
1990-04-01,GDP,Vietnam,NA
1990-07-01,GDP,Vietnam,NA
1990-10-01,GDP,Vietnam,NA
1991-01-01,GDP,Vietnam,NA
1991-04-01,GDP,Vietnam,-0.1776566445412808
1991-07-01,GDP,Vietnam,-0.4609765729477336
1991-10-01,GDP,Vietnam,-0.3577321562269101
1992-01-01,GDP,Vietnam,0.27579046022329884
1992-04-01,GDP,Vietnam,0.430415593367595
1992-07-01,GDP,Vietnam,0.4183645577188018
1992-10-01,GDP,Vietnam,0.4505979363373024
1993-01-01,GDP,Vietnam,0.48755320029113325
1993-04-01,GDP,Vietnam,0.5263656503630736
1993-07-01,GDP,Vietnam,0.526140855292142
1993-10-01,GDP,Vietnam,0.3828181377648105
1994-01-01,GDP,Vietnam,0.3526651189377726
1994-04-01,GDP,Vietnam,0.2834602711488516
1994-07-01,GDP,Vietnam,0.2893042859127749
1994-10-01,GDP,Vietnam,0.30909357540542337
1995-01-01,GDP,Vietnam,0.26759565843053346
1995-04-01,GDP,Vietnam,0.2626549363590422
1995-07-01,GDP,Vietnam,0.28926514229279854
1995-10-01,GDP,Vietnam,0.3757166589154871
1996-01-01,GDP,Vietnam,0.6329833242573638
1996-04-01,GDP,Vietnam,0.7805813715785325
1996-07-01,GDP,Vietnam,0.8538067846185047
1996-10-01,GDP,Vietnam,0.9057945193250406
1997-01-01,GDP,Vietnam,0.922355132225884
1997-04-01,GDP,Vietnam,0.9383475450251901
1997-07-01,GDP,Vietnam,0.9482910863085382
1997-10-01,GDP,Vietnam,0.9583618254213749
1998-01-01,GDP,Vietnam,0.8916180442160261
1998-04-01,GDP,Vietnam,0.6502618303418269
1998-07-01,GDP,Vietnam,0.47725500114013447
1998-10-01,GDP,Vietnam,0.3951904966082825
1999-01-01,GDP,Vietnam,0.4016140058968554
1999-04-01,GDP,Vietnam,0.45385682792566345
1999-07-01,GDP,Vietnam,0.5062558721983719
1999-10-01,GDP,Vietnam,0.5349447540651291
2000-01-01,GDP,Vietnam,0.5595318393110452
2000-04-01,GDP,Vietnam,0.5790189397132524
2000-07-01,GDP,Vietnam,0.5812544237060032
2000-10-01,GDP,Vietnam,0.5634471176864969
2001-01-01,GDP,Vietnam,0.5509986435182203
2001-04-01,GDP,Vietnam,0.5293491847987858
2001-07-01,GDP,Vietnam,0.5061356552971406
2001-10-01,GDP,Vietnam,0.45981865658438564
2002-01-01,GDP,Vietnam,0.39152561592698176
2002-04-01,GDP,Vietnam,0.27357986907103915
2002-07-01,GDP,Vietnam,0.04649203533040755
2002-10-01,GDP,Vietnam,-0.4362650631860061
2003-01-01,GDP,Vietnam,-0.7375999778842725
2003-04-01,GDP,Vietnam,-0.7252628133402962
2003-07-01,GDP,Vietnam,-0.622335526933099
2003-10-01,GDP,Vietnam,-0.2461475675781961
2004-01-01,GDP,Vietnam,0.14735784853028924
2004-04-01,GDP,Vietnam,0.5311012618177132
2004-07-01,GDP,Vietnam,0.6591115949248362
2004-10-01,GDP,Vietnam,0.6397445224602248
2005-01-01,GDP,Vietnam,0.5688781378402455
2005-04-01,GDP,Vietnam,0.4922532260705179
2005-07-01,GDP,Vietnam,0.35849976544909656
2005-10-01,GDP,Vietnam,0.3291043267537425
2006-01-01,GDP,Vietnam,0.2123444363729257
2006-04-01,GDP,Vietnam,0.08446668805887479
2006-07-01,GDP,Vietnam,-0.11002808590482403
2006-10-01,GDP,Vietnam,-0.32503684197691834
2007-01-01,GDP,Vietnam,-0.3279514870094157
2007-04-01,GDP,Vietnam,-0.300580229616019
2007-07-01,GDP,Vietnam,-0.2650242338455904
2007-10-01,GDP,Vietnam,-0.37936670244489573
2008-01-01,GDP,Vietnam,-0.24139074201854388
2008-04-01,GDP,Vietnam,0.18774124822198157
2008-07-01,GDP,Vietnam,0.20852692744508797
2008-10-01,GDP,Vietnam,0.11681019982039238
2009-01-01,GDP,Vietnam,0.20969649709502836
2009-04-01,GDP,Vietnam,0.11598292938454549
2009-07-01,GDP,Vietnam,0.0848672145603441
2009-10-01,GDP,Vietnam,0.11514518039768036
2010-01-01,GDP,Vietnam,0.21311906510060497
2010-04-01,GDP,Vietnam,0.21627458197204547
2010-07-01,GDP,Vietnam,0.221198364983566
2010-10-01,GDP,Vietnam,0.18052086318190497
2011-01-01,GDP,Vietnam,0.18212759469123194
2011-04-01,GDP,Vietnam,0.19769722723912958
2011-07-01,GDP,Vietnam,0.21434100596018194
2011-10-01,GDP,Vietnam,0.21636770678184278
2012-01-01,GDP,Vietnam,0.20810658268220553
2012-04-01,GDP,Vietnam,0.2136311240483382
2012-07-01,GDP,Vietnam,0.2454644580606084
2012-10-01,GDP,Vietnam,0.29394770866745645
2013-01-01,GDP,Vietnam,0.2696585637414578
2013-04-01,GDP,Vietnam,0.057643985255593756
2013-07-01,GDP,Vietnam,-0.18192884996523928
2013-10-01,GDP,Vietnam,-0.27949751891742536
2014-01-01,GDP,Vietnam,-0.3847111291681014
2014-04-01,GDP,Vietnam,-0.1606012843551131
2014-07-01,GDP,Vietnam,-0.06271871248789625
2014-10-01,GDP,Vietnam,0.13449634394074567
2015-01-01,GDP,Vietnam,0.05888947259862378
2015-04-01,GDP,Vietnam,-0.20353480705521285
2015-07-01,GDP,Vietnam,-0.29912167919629473
2015-10-01,GDP,Vietnam,-0.33005014304229124
2016-01-01,GDP,Vietnam,-0.38393055700788986
2016-04-01,GDP,Vietnam,-0.3836733503408872
2016-07-01,GDP,Vietnam,-0.40557021250318
2016-10-01,GDP,Vietnam,-0.3974612068964868
2017-01-01,GDP,Vietnam,-0.47324084920852577
2017-04-01,GDP,Vietnam,-0.30419797003449406
2017-07-01,GDP,Vietnam,0.05175926287593698
2017-10-01,GDP,Vietnam,0.22035557539404058
2018-01-01,GDP,Vietnam,0.4154688388274623
2018-04-01,GDP,Vietnam,0.6636527196412612
2018-07-01,GDP,Vietnam,0.7869344375941539
2018-10-01,GDP,Vietnam,0.8410730681909797
2019-01-01,GDP,Vietnam,0.8845297251593254
2019-04-01,GDP,Vietnam,0.9213805065392066
2019-07-01,GDP,Vietnam,0.9465583791823713
2019-10-01,GDP,Vietnam,0.9504599634310266
2020-01-01,GDP,Vietnam,0.9054022901634425
2020-04-01,GDP,Vietnam,0.9001640738355895
2020-07-01,GDP,Vietnam,0.7471990255320953
2020-10-01,GDP,Vietnam,0.6882446047454136
2021-01-01,GDP,Vietnam,0.697716235026663
2021-04-01,GDP,Vietnam,0.7162542751381573
2021-07-01,GDP,Vietnam,0.5965664609071296
2021-10-01,GDP,Vietnam,0.5935435564851632
2022-01-01,GDP,Vietnam,0.5966630900231326
2022-04-01,GDP,Vietnam,0.5927530232381715
2022-07-01,GDP,Vietnam,0.5929337765538641
2022-10-01,GDP,Vietnam,0.5934756591450533
2023-01-01,GDP,Vietnam,0.5881828047459072
2023-04-01,GDP,Vietnam,0.5749176525730543
2023-07-01,GDP,Vietnam,0.5597387093683075
2023-10-01,GDP,Vietnam,0.5476217536728256
2024-01-01,GDP,Vietnam,0.5147654078095566
2024-04-01,GDP,Vietnam,0.45786542705430877
2024-07-01,GDP,Vietnam,0.34236573782434204
2024-10-01,GDP,Vietnam,0.2488214980732709
2025-01-01,GDP,Vietnam,0.24397296685253644
2025-04-01,GDP,Vietnam,0.19796693049590103
2025-07-01,GDP,Vietnam,0.39228754721996434
2025-10-01,GDP,Vietnam,0.5848420397982679
